,Unnamed: 0,word,entity_group
0,0,Buongiorno,others
1,1,"Dario,;",others
2,2,avrei,others
3,3,una,others
4,4,spedizione,others
5,5,pronta,others
6,6,per,others
7,7,il,others
8,8,Canada,delivery_state
9,9,",",others
10,10,si,others
11,11,tratta,others
12,12,di,others
13,13,:;,others
14,14,8,quantity
15,15,cartoni,package_type
16,16,;,others
17,17,51x37x60;,measures
18,18,5,quantity
19,19,cartoni,package_type
20,20,;,others
21,21,"50,5x36,5x31,5",measures
22,22,;,others
23,23,Tot.,others
24,24,13,total_quantity
25,25,cartoni,package_type
26,26,;,others
27,27,"Kg 214,74",weight
28,28,;,others
29,29,Volume,others
30,30,"1,194;",total_volume
31,31,Riuscite,others
32,32,a,others
33,33,mandarmi,others
34,34,la,others
35,35,quotazione,others
36,36,e,others
37,37,a,others
38,38,ritirare,others
39,39,domani?;,others
40,40,Grazie!;,others
41,41,Edea Srl,company
42,0,Buongiorno,others
43,1,Mirko;,others
44,2,Di,others
45,3,seguito,others
46,4,invio,others
47,5,i,others
48,6,dati,others
49,7,per,others
50,8,i,others
51,9,quali,others
52,10,chiedo,others
53,11,gentilmente,others
54,12,una,others
55,13,quotazione.,others
56,14,Tenga,others
57,15,conto,others
58,16,per,others
59,17,cortesia,others
60,18,che,others
61,19,le,others
62,20,intestazioni,others
63,21,della,others
64,22,merce,others
65,23,sono,others
66,24,4,others
67,25,mentre,others
68,26,le,others
69,27,destinazioni,others
70,28,sono,others
71,29,2,others
72,30,Si,others
73,31,tratta,others
74,32,sempre,others
75,33,di,others
76,34,"calendari,",commodity
77,35,cartoline,commodity
78,36,e,commodity
79,37,cataloghi.,commodity
80,38,RITIRO,others
81,39,PRESSO;,others
82,40,Cartotecnica,others
83,41,2,others
84,42,EMME,others
85,43,Bassano d. Grappa,pickup_location
86,44,;,others
87,45,MATERIALE;,others
88,46,intestazione;,others
89,47,destinazione;,others
90,48,N,others
91,49,bancali,others
92,50,;,others
93,51,misura;,others
94,52,peso,others
95,53,COMPLESS,others
96,54,IVO,others
97,55,KG,others
98,56,;,others
99,57,COMMONWEALT SOUVENIRS,company
101,59,4862,others
102,60,UN,others
103,61,ION MAINE,others
104,62,-,others
105,63,USA,others
106,64,;,others
107,65,1,others
108,66,;,others
109,67,70X100X130h,measures
110,68,;,others
111,69,305,others
112,70,;,others
113,71,MAINE SCENE,others
114,72,INC;,others
115,73,4862,others
116,74,UNION,others
117,75,MAINE,others
118,76,-,others
119,77,USA,others
120,78,;,others
121,79,5,others
122,80,;,others
123,81,70X100X150h,measures
124,82,;,others
125,83,2420,others
126,84,;,others
127,85,EASTERN,others
128,86,ILLUSTRATING;,others
129,87,4862,others
130,88,UN,others
131,89,ION,others
132,90,MAINE,others
133,91,-,others
134,92,USA,others
135,93,;,others
136,94,1,others
137,95,;,others
138,96,70X100X80h,measures
139,97,;,others
140,98,230,others
141,99,;,others
142,100,VERMONT ILLUSTRATING,others
143,101,;,others
144,102,3784,others
145,103,WEST LEBANON,others
146,104,-,others
147,105,USA,others
148,106,;,others
149,107,2,others
150,108,;,others
151,109,70X100X150h,measures
152,110,;,others
153,111,550; 9; 3505,others
154,0,Ciao,others
155,1,Mirko;,others
156,2,avrei,others
157,3,bisogno,others
158,4,per,others
159,5,cortesia,others
160,6,della,others
161,7,quotazione,others
162,8,per,others
163,9,il,others
164,10,seguente,others
165,11,trasporto:;,others
166,12,Ritiro,others
167,13,presso;,others
168,14,CARTOTECNICA,others
169,15,2,others
170,16,EMME,others
171,17,"; QUARTIERE PRÃ‰, 17/21;",others
172,18,36061,others
173,19,â€“ BASSANO DEL GRAPPA (VI);,others
174,20,MATERIALE:;,others
175,21,NÂ°,others
176,22,3,quantity
177,23,BANCALI,package_type
178,24,100X120X140H,measures
179,25,PESO,others
180,26,COPLESSIVO,others
181,27,DI,others
182,28,1650KG,weight
183,29,;,others
184,30,MATERIALE,others
185,31,DISPONIBILE,others
186,32,AL,others
187,33,RITIRO;,others
188,34,Consegna,others
189,35,presso;,others
190,36,4317,others
191,37,"EAST PARKWAY; GATLINBURG,",others
192,38,37738,others
193,39,"; TENNESEE,",others
194,40,USA,others
195,0,Ciao,others
196,1,"Dario,;",others
197,2,;Dovrei,others
198,3,spedire,others
199,4,negli,others
200,5,UAE,others
201,6,un,others
202,7,pallet,others
203,8,90x145xH70 cm,measures
204,9,del,others
205,10,peso,others
206,11,lordo,others
207,12,complessivo,others
208,13,di,others
209,14,120 kg.,weight
210,15,;,others
211,16,;Destinatario:;,others
212,17,;Sheikh,others
213,18,Abdulla,others
214,19,Bi,others
215,20,Rashid,others
216,21,Al,others
217,22,Mualla,others
218,23,;,others
219,24,King Faisal Road ;,others
220,25,5000,others
221,26,Al Quwain City UAQ,others
222,0,Ciao,others
223,1,"Dario,;tra",others
224,2,fine,others
225,3,Giugno,others
226,4,e,others
227,5,inizio,others
228,6,Luglio,others
229,7,avremo,others
230,8,una,others
231,9,nuova,others
232,10,spedizione,others
233,11,per,others
234,12,il,others
235,13,cliente,others
236,14,in,others
237,15,oggetto.;,others
238,16,;Ti,others
239,17,chiedo,others
240,18,quindi,others
241,19,quotazione,others
242,20,per,others
243,21,i,others
244,22,seguenti,others
245,23,I,others
246,24,MB,commodity
247,25,ALLI:;No.,others
248,26,24,others
249,27,Cartoni,others
250,28,100x40x20cm/cad,others
251,29,â€“,others
252,30,n.w.,others
253,31,20kg/cad â€“ g.w. 22kg/cad,others
254,32,;No.,others
255,33,12,others
256,34,Cartoni,others
257,35,103x51x31cm/cad,others
258,36,â€“,others
259,37,n.w.,others
260,38,30kg/cad â€“ g.w. 32kg/cad,others
261,39,;TOTALE:,others
262,40,36,others
263,41,COLLI,others
264,42,-,others
265,43,TOTALE,others
266,44,LORDO:,others
267,45,912KG,weight
268,46,;,others
269,47,;Ti,others
270,48,chiedo,others
271,49,per,others
272,50,cortesia,others
273,51,di,others
274,52,"indicarmi,",others
275,53,nella,others
276,54,"quotazione,",others
277,55,la,others
278,56,percentuale,others
279,57,da,others
280,58,applicare,others
281,59,per,others
282,60,il,others
283,61,calcolo,others
284,62,dellâ€™assicurazione.;,others
285,63,;Grazie,others
286,64,per,others
287,65,la,others
288,66,collaborazione,others
289,67,e,others
290,68,buona,others
291,69,giornata;,others
292,70,;Clarissa,others
293,71,Griotti;,others
294,72,;C.D. Europe SRL,company
295,0,Ciao,others
296,1,Sonia;,others
297,2,;Mi,others
298,3,servirebbe,others
299,4,una,others
300,5,quotazione,others
301,6,indicativa,others
302,7,per,others
303,8,spedire,others
304,9,a,others
305,10,Belgrado,delivery_port
306,11,;,others
307,12,;,others
308,13,3,quantity
309,14,colli,package_type
310,15,45x45x140 cm,measures
311,16,â€“,others
312,17,peso,others
313,18,lordo,others
314,19,150 Kg,weight
315,20,;,others
316,21,;,others
317,22,;Non,others
318,23,tribulare,others
319,24,"troppo,",others
320,25,tanto,others
321,26,fino,others
322,27,a,others
323,28,settembre,others
324,29,non,others
325,30,se,others
326,31,ne,others
327,32,fa,others
328,33,"nulla,",others
329,34,perchÃ©,others
330,35,momentaneamente,others
331,36,non,others
332,37,possono,others
333,38,importare,others
334,39,nulla,others
335,40,(il,others
336,41,loro,others
337,42,governo,others
338,43,ha,others
339,44,sospeso,others
340,45,le,others
341,46,licenze,others
342,47,dopo,others
343,48,varie,others
344,49,sparatorie,others
345,50,avvenute,others
346,51,nei,others
347,52,mesi,others
348,53,scorsi).;Solo,others
349,54,che,others
350,55,se,others
351,56,non,others
352,57,gli,others
353,58,mando,others
354,59,una,others
355,60,"quotazione,",others
356,61,mi,others
357,62,stressano,others
358,63,da,others
359,64,morire!;,others
360,65,;Grazie,others
361,66,mille,others
362,67,e,others
363,68,buon,others
364,69,lavoro;,others
365,70,;Cordialmente,others
366,71,/,others
367,72,Kind,others
368,73,regards;Nicole,others
369,74,Ghirardini;;,others
370,75,SABATTI SPA,company
371,0,Ciao,others
372,1,"Sonia,;",others
373,2,Eccomi,others
374,3,con,others
375,4,le,others
376,5,misure,others
377,6,e,others
378,7,peso,others
379,8,(indicativo):,others
380,9,;PESO:,others
381,10,178 Kgs,weight
382,11,circa,others
383,12,;;NR.,others
384,13,9,others
385,14,CRTNS TOTALI;MISURE CARTONI,others
386,15,:,others
387,16,NR.,others
388,17,8,quantity
389,18,-,others
390,19,CM,measures
391,20,50X43X31,measures
392,21,+,others
393,22,NR.,others
394,23,1,quantity
395,24,-,others
396,25,CM,others
397,26,110X36X60,measures
398,27,;;;Speriamo,others
399,28,di,others
400,29,riuscire,others
401,30,ad,others
402,31,essere,others
403,32,pronti,others
404,33,mercoledÃ¬,others
405,34,prossimo.;Ti,others
406,35,riaggiorno;;;Grazie,others
407,36,mille,others
408,37,"intanto,;Roberta;;;Il",others
409,38,5/5/2023,others
410,39,"09:49,",others
411,40,Tanfoglio Export Dept.,others
412,41,ha,others
413,42,scritto:;;,others
414,43,Buongiorno,others
415,44,a,others
416,45,"tutti,;",others
417,46,La,others
418,47,settimana,others
419,48,prossima,others
420,49,dobbiamo,others
421,50,spedire,others
422,51,delle,others
423,52,armi,others
424,53,in,others
425,54,Portogallo.;,others
426,55,Si,others
427,56,tratta,others
428,57,di,others
429,58,nr.,others
430,59,80,others
431,60,PISTOLE,others
432,61,S.A.,others
433,62,+,others
434,63,nr.,others
435,64,4,others
436,65,CARABINE,others
437,66,S.A.;,others
438,67,Non,others
439,68,ho,others
440,69,ancora,others
441,70,"dettagli,",others
442,71,ve,others
443,72,li,others
444,73,faccio,others
445,74,avere,others
446,75,al,others
447,76,piÃ¹,others
448,77,presto.;,others
449,78,;,others
450,79,Dobbiamo,others
451,80,prenotare,others
452,81,il,others
453,82,primo,others
454,83,volo,others
455,84,disponibile,others
456,85,per,others
457,86,consegnare,others
458,87,la,others
459,88,merce,others
460,89,al,others
461,90,cliente,others
462,91,entro,others
463,92,il,others
464,93,17,others
465,94,maggio.;,others
466,95,;,others
467,96,;,others
468,97,;,others
469,98,Grazie,others
470,99,e,others
471,100,buon,others
472,101,"lavoro,;",others
473,102,Roberta;,others
474,103,;,others
475,104,--,others
476,105,;,others
477,106,;,others
478,107,Cordiali,others
479,108,Saluti,others
480,109,/,others
481,110,Best,others
482,111,regards;,others
483,112,;,others
484,113,Export,others
485,114,Department;,others
486,115,Roberta,others
487,116,Bianchi;,others
488,117,FRATELLI TANFOGLIO S.R.L.,company
489,118,;,others
490,119,Via,others
491,120,Valtrompia,others
492,121,39-41;,others
493,122,25063,others
494,0,Ciao,others
495,1,"Mirko,;con",others
496,2,questa,others
497,3,mail,others
498,4,ti,others
499,5,chiedo,others
500,6,offerta,others
501,7,sia,others
502,8,via,others
503,9,mare,others
504,10,che,others
505,11,aereo,others
506,12,per,others
507,13,la,others
508,14,spedizione,others
509,15,di,others
510,16,1,others
511,17,pallet di,others
512,18,"pastiglie fumiganti,",others
513,19,no,others
514,20,ADR/IMO/IATA,others
515,21,al,others
516,22,cliente,others
517,23,in,others
518,24,packing,others
519,25,list.;Considera,others
520,26,Sydney,others
521,27,come,others
522,28,porto/aeroporto,others
523,29,di,others
524,30,arrivo.;Per,others
525,31,lâ€™aereo,others
526,32,Ã¨,others
527,33,necessaria,others
528,34,la,others
529,35,stiva,others
530,36,pressurizzata.;Grazie;,others
531,37,;Cordiali,others
532,38,saluti/Best,others
533,39,"regards,;Claudia",others
534,40,Gorlani;,others
535,41,KEMPER SRL,company
536,0,Ciao,others
537,1,"Dario,;il",others
538,2,cliente,others
539,3,ha,others
540,4,aggiornato,others
541,5,le,others
542,6,quantita,others
543,7,per,others
544,8,questa,others
545,9,richiesta..,others
546,10,Pertanto,others
547,11,ho,others
548,12,biasgno,others
549,13,di,others
550,14,una,others
551,15,quotazione,others
552,16,aggiornata,others
553,17,con,others
554,18,carattere,others
555,19,urgente,others
556,20,come,others
557,21,segue:;;CONSEGNA,others
558,22,PRESSO;Pyrotechnique,others
559,23,by,others
560,24,GRUCCI;,others
561,25,4050,pickup_cap
562,26,Peppers Ferry Rd.,pickup_location
563,27,-,others
564,28,C/O,others
565,29,RFAAP;VA,others
566,30,24141,pickup_cap
567,31,Radford â€“ USA,company
568,0,50x50x150 cm;,measures
569,1,;,others
570,2,;Cordialmente,others
571,3,/,others
572,4,Kind,others
573,5,regards;Nicole,others
574,6,Ghirardini;;,others
575,7,"SABATTI SPA;Via Alessandro Volta, 90;",others
576,8,25063,others
577,9,"Gardone Val Trompia - Brescia,",others
578,10,Italia,others
579,0,Buongiorno,others
580,1,a,others
581,2,"tutti,;",others
582,3,;avrei,others
583,4,bisogno,others
584,5,della,others
585,6,vostra,others
586,7,miglior,others
587,8,quotazione,others
588,9,per,others
589,10,la,others
590,11,destinazione;,others
591,12,MONEDA,pickup_location
592,13,2723,others
593,14,;SANTIAGO CHILE;CILE,others
594,15,;,others
595,16,;Si,others
596,17,tratta,others
597,18,di,others
598,19,merce,others
599,20,a,others
600,21,nulla,others
601,22,osta.;,others
602,23,;Vi,others
603,24,do,others
604,25,le,others
605,26,dimensioni,others
606,27,sia,others
607,28,a,others
608,29,cartoni che palette,others
609,30,.,others
610,31,Fatemi,others
611,32,avere,others
612,33,per,others
613,34,cortesia,others
614,35,la,others
615,36,quotazione,others
616,37,per,others
617,38,entrambi.;,others
618,39,;Dovrebbero,others
619,40,essere,others
620,41,21,others
621,42,cartoni,others
622,43,39x29x24,others
623,44,per,others
624,45,un,others
625,46,peso,others
626,47,totale,others
627,48,di,others
628,49,circa,others
629,50,110kg,weight
630,51,;Oppure,others
631,52,1,others
632,53,paletta,others
633,54,120x80x100,others
634,55,per,others
635,56,un,others
636,57,peso,others
637,58,di,others
638,59,115 kg.,others
639,60,;,others
640,61,;,others
641,62,;Vi,others
642,63,ringrazio,others
643,64,e,others
644,65,resto,others
645,66,a,others
646,67,disposizione;,others
647,68,;Buon,others
648,69,lavoro;,others
649,70,;,others
650,71,;Luigi,others
651,72,Buffoli;,others
652,73,;,others
653,74,;,others
654,75,Chiappa Firearms SRL,company
655,0,Ciao,others
656,1,"Sonia,",others
657,2,;,others
658,3,;per,others
659,4,favore,others
660,5,mi,others
661,6,servirebbe,others
662,7,preventivo,others
663,8,per,others
664,9,spedizione,others
665,10,in,others
666,11,Kuwait,delivery_port
667,12,(,others
668,13,Kuwait,others
669,14,City),others
670,15,per:;,others
671,16,;n.,others
672,17,4,others
673,18,cartoni,others
674,19,;kg. 125,others
675,20,;mc,others
676,21,"0,4",others
677,22,;,others
678,23,;grazie;,others
679,24,;Martina,others
680,25,LEPRI;International,others
681,26,Sales,others
682,27,Dept.;,others
683,28,;;,others
684,29,;FABARM S.p.A.,company
685,30,";Via Averolda,31",others
686,31,I,others
687,32,25039,others
688,33,TRAVAGLIATO (BS),others
689,34,I,others
690,35,ITALY,others
691,0,Buongiorno,others
692,1,Sonia!!;,others
693,2,;Ho,others
694,3,bisogno,others
695,4,di,others
696,5,chiederti,others
697,6,una,others
698,7,quotazione,others
699,8,per,others
700,9,il,others
701,10,Fierce,others
702,11,USA,delivery_state
703,12,;,others
704,13,;,others
705,14,28,quantity
706,15,cartoni,package_type
707,16,;Peso,others
708,17,(stimato),others
709,18,575 kg,weight
710,19,;,others
711,20,;Sul,others
712,21,03/07;,others
713,22,;Grazie;,others
714,23,;Barbara;,others
715,24,;RIZZINI SRL,company
716,25,;,others
717,26,Via 2 Giugno 7/7 bis,others
718,27,;,others
719,28,25060,others
720,29,MARCHENO ( BS ),others
721,0,"Buongiorno,",others
722,1,avrei,others
723,2,bisogno,others
724,3,gentilmente,others
725,4,di,others
726,5,due,others
727,6,preventivi.,others
728,7,;Uno,others
729,8,per,others
730,9,un,others
731,10,bancale,package_type
732,11,via,others
733,12,aerea,others
734,13,e,others
735,14,lâ€™altro,others
736,15,per,others
737,16,due,quantity
738,17,bancali,package_type
739,18,via,others
740,19,mare.;,others
741,20,;CPT,others
742,21,SANTA MARTA,pickup_location
743,22,;,others
744,23,1,others
745,24,pallet,others
746,25,80x60x60h,measures
747,26,;,others
748,27,Kg 100,weight
749,28,;,others
750,29,Non sovrapponibile,stackable
751,30,;,others
752,31,Avremmo,others
753,32,bisogno,others
754,33,di,others
755,34,sapere,others
756,35,anche,others
757,36,il,others
758,37,transit,others
759,38,time,others
760,39,;,others
761,40,;CFR,others
762,41,CARTAGENA,others
763,42,;,others
764,43,1,others
765,44,pallet,others
766,45,120x80x50h,measures
767,46,;,others
768,47,Kg 320,weight
769,48,;,others
770,49,Non sovrapponibile,stackable
771,50,;,others
772,51,;,others
773,52,1,others
774,53,pallet,others
775,54,170x85x135h,measures
776,55,;,others
777,56,Kg 350,weight
778,57,;,others
779,58,Non sovrapponibile,stackable
780,0,"Buongiorno,",others
781,1,avrei,others
782,2,bisogno,others
783,3,di,others
784,4,un,others
785,5,preventivo,others
786,6,sia,others
787,7,via,others
788,8,mare,others
789,9,che,others
790,10,via,others
791,11,aereo,others
792,12,del,others
793,13,seguente,others
794,14,pallet.;,others
795,15,;,others
796,16,CPT,incoterms
797,17,CH,others
798,18,ILE,others
799,19,", SANTIAGO-",others
800,20,VIA,others
801,21,AERE,others
802,22,O,others
803,23,;,others
804,24,1,quantity
805,25,PALLET,package_type
806,26,120x80x95,measures
807,27,;Peso,others
808,28,280kg,weight
809,29,;,others
810,30,Non sovrapponibile,stackable
814,34,;,others
815,35,CIF,incoterms
816,36,CHILE,others
817,37,", S",others
818,38,ANTI,others
819,39,AGO,others
820,40,-,others
821,41,VIA,others
822,42,MARE;,others
823,43,1,quantity
824,44,PALLET,package_type
825,45,120x80x95,measures
826,46,;Peso,others
827,47,280kg,weight
828,48,;,others
829,49,Non sovrapponibile,stackable
830,0,Ciao,others
831,1,"Sonia,;",others
832,2,;mi,others
833,3,mandi,others
834,4,quotazione,others
835,5,per,others
836,6,Powell,delivery_port
837,7,nr.,others
838,8,3,quantity
839,9,cartoni,package_type
840,10,kg lordi 30,weight
841,11,;,others
842,12,;sul,others
843,13,10,others
844,14,o,others
845,15,12,others
846,16,luglio?;,others
847,17,";Grazie,;",others
848,18,;Barbara;,others
849,19,;RIZZINI SRL,company
850,20,;,others
851,21,Via 2 Giugno 7/7 bis,others
852,22,;,others
853,23,25060,others
854,24,MARCHENO ( BS ),others
855,0,Ciao,others
856,1,Sonia;,others
857,2,Avrei,others
858,3,bisogno,others
859,4,di,others
860,5,quotazione,others
861,6,per,others
862,7,la,others
863,8,prossima,others
864,9,spedizione,others
865,10,in,others
866,11,Norvegia,pickup_state
867,12,:;,others
868,13,NR.,others
869,14,15,quantity
870,15,CRTNS,package_type
871,16,TOTALI:;,others
872,17,-,others
873,18,NR.,others
874,19,14,quantity
875,20,-,others
876,21,CM 50X43X31,measures
877,22,;,others
878,23,-,others
879,24,NR.,others
880,25,1,quantity
881,26,-,others
882,27,CM 35X32X29,package_type
883,28,;,others
884,29,PESO,others
885,30,TOTALE:,others
886,31,321 Kg,weight
887,32,;,others
888,33,Si,others
889,34,tratta,others
890,35,di,others
891,36,pistole e parti d'arma.;,others
892,37,Grazie,others
893,38,e,others
894,39,buon,others
895,40,"lavoro,;",others
896,41,Roberta,others
897,42,;--,others
898,43,;Cordiali,others
899,44,Saluti,others
900,45,/,others
901,46,Best,others
902,47,regards;,others
903,48,Export,others
904,49,Department;,others
905,50,Roberta,others
906,51,Bianchi;,others
907,52,FRATELLI TANFOGLIO S.R.L.,company
908,0,"Ciao,",others
909,1,;mi,others
910,2,serve,others
911,3,quotazione,others
912,4,per,others
913,5,Armenia,delivery_state
914,6,Aspar Arms LLC,incoterms
915,7,;,others
916,8,13,quantity
917,9,COLLI,package_type
918,10,"KG 213,55",weight
919,11,120X40X40;,measures
920,12,;Date,others
921,13,mercoledÃ¬â€™,others
922,14,7-May,others
923,15,lunedi,others
924,16,10/07;Attendo,others
925,17,quotazione,others
926,18,per,others
927,19,fattura;Grazie,others
928,20,;Nicola,others
929,21,;,others
930,22,;Armeria,others
931,23,Brignoli,company
932,24,Silvio,company
933,25,&,company
934,26,c,company
935,27,snc;Via,company
936,28,Alfieri 6;25063 Gardone V,company
937,0,Ciao,others
938,1,a,others
939,2,tutti!;Riuscireste,others
940,3,per,others
941,4,cortesia,others
942,5,a,others
943,6,darmi,others
944,7,quotazione,others
945,8,aggiornata,others
946,9,sulla,others
947,10,base,others
948,11,della,others
949,12,richiesta,others
950,13,sottostante?;,others
951,14,;Grazie,others
952,15,mille,others
953,16,e,others
954,17,buona,others
955,18,giornata.;,others
956,19,;Clarissa,others
957,20,Griotti;,others
958,21,;,others
959,22,C.D. Europe SRL,company
960,0,Ciao,others
961,1,"Sonia,",others
962,2,;,others
963,3,;per,others
964,4,favore,others
965,5,mi,others
966,6,servirebbe,others
967,7,preventivo,others
968,8,per,others
969,9,spedizione,others
970,10,in,others
971,11,Canada,pickup_state
972,12,â€“,others
973,13,Calgary,delivery_port
974,14,â€“,others
975,15,per:;,others
976,16,;n.,others
977,17,19,quantity
978,18,cartoni,package_type
979,19,;kg 470,weight
980,20,"mc 2,5",volume
981,21,;,others
982,22,;cliente,others
983,23,KORTH,others
984,24,GROUP;,others
985,25,";ciao,",others
986,26,grazie,others
987,27,;,others
988,28,;Martina,others
989,29,LEPRI;International,others
990,30,Sales,others
991,31,Dept.;,others
992,32,;;,others
993,33,;,others
994,34,FABARM S.p.A.,company
995,35,;Via,others
996,36,"Averolda,",others
997,37,31,others
998,38,I,others
999,39,25039,others
1000,40,TRAVAGLIATO (BS),others
1001,41,I,others
1002,42,ITALY,others
1003,0,Buongiorno,others
1004,1,"Dario,",others
1005,2,;,others
1006,3,;avrei,others
1007,4,una,others
1008,5,spedizione,others
1009,6,pronta,others
1010,7,per,others
1011,8,il,others
1012,9,Canada,pickup_state
1013,10,",",others
1014,11,si,others
1015,12,tratta,others
1016,13,di,others
1017,14,:;,others
1018,15,;,others
1019,16,1,quantity
1020,17,cartone,package_type
1021,18,;,others
1022,19,"50,5x31,5x36,5;",others
1023,20,;,others
1024,21,19,quantity
1025,22,cartoni,package_type
1026,23,;50x37x60;,measures
1027,24,;,others
1028,25,1,quantity
1029,26,cartone,package_type
1030,27,;,others
1031,28,"72x50x41,5;",measures
1032,29,;Tot,others
1033,30,21,others
1034,31,cartoni,others
1035,32,;Volume,others
1036,33,"2,354;",others
1037,34,Kg 320,others
1038,35,circa;,others
1039,36,;Mi,others
1040,37,faresti,others
1041,38,un,others
1042,39,preventivo,others
1043,40,e,others
1044,41,mi,others
1045,42,confermi,others
1046,43,comunque,others
1047,44,il,others
1048,45,ritiro,others
1049,46,per,others
1050,47,domani?;,others
1051,48,;Grazie,others
1055,52,Edea Srl,company
1056,0,Dario,others
1057,1,"ciao,;mi",others
1058,2,servirebbe,others
1059,3,un,others
1060,4,buon,others
1061,5,prezzo(,others
1062,6,tutto,others
1063,7,incluso,others
1064,8,RESA,others
1065,0,Buongiorno,others
1066,1,Dario;,others
1067,2,sono,others
1068,3,con,others
1069,4,la,others
1070,5,presente,others
1071,6,a,others
1072,7,chiederVi,others
1073,8,quotazione,others
1074,9,C&F,incoterms
1075,10,per,others
1076,11,spedizione,others
1077,12,pronta,others
1078,13,il,others
1079,14,7-Jul,others
1080,15,(SE,others
1081,16,PAGA) via aerea TISAS,others
1082,17,TUR,others
1083,18,CHIA,others
1084,19,61900,others
1085,20,ARSIN TRABZON,others
1086,21,:;,others
1087,22,NR.,others
1088,23,31,quantity
1089,24,CARTONI,package_type
1090,25,;,others
1091,26,PESO,others
1092,27,TOTALE,others
1093,28,LORDO,others
1094,29,"KG. 730,00",weight
1095,0,Buongiorno,others
1096,1,"Sonia,;",others
1097,2,Avrei,others
1098,3,bisogno,others
1099,4,di,others
1100,5,quotazione,others
1101,6,per,others
1102,7,la,others
1103,8,spedizione,others
1104,9,in,others
1105,10,oggetto:;,others
1106,11,NR,others
1107,12,3,quantity
1108,13,CRTNS,package_type
1109,14,-,others
1110,15,CM 35X32X29,measures
1111,16,;,others
1112,17,PESO:,others
1113,18,"63,54 Kgs",weight
1114,19,;,others
1115,20,Si,others
1116,21,tratta,others
1117,22,di,others
1118,23,parti,others
1119,24,NON,others
1120,25,a,others
1121,26,Nulla Osta.,others
1122,27,;,others
1123,28,Grazie,others
1124,29,in,others
1125,30,"anticipo,;",others
1126,31,Roberta,others
1127,32,;--,others
1128,33,;Cordiali,others
1129,34,Saluti,others
1130,35,/,others
1131,36,Best,others
1132,37,regards;,others
1133,38,Export,others
1134,39,Department;,others
1135,40,Roberta,others
1136,41,Bianchi;,others
1137,42,FRATELLI TANFOGLIO S.R.L.,company
1138,43,;,others
1139,44,Via,others
1140,45,Valtrompia,others
1141,46,39-41;,others
1142,47,25063,others
1143,48,Gardone,others
1144,0,Buongiorno,others
1145,1,"Chiara,;",others
1146,2,ti,others
1147,3,chiedo,others
1148,4,gentilmente,others
1149,5,quotazione,others
1150,6,per,others
1151,7,ritiro,others
1152,8,merce,others
1153,9,presso,others
1154,10,il,others
1155,11,nostro,others
1156,12,cliente,others
1157,13,Casale,others
1158,14,Australia,delivery_state
1159,15,:;,others
1160,16,NÂ°3,quantity
1161,17,PALLETS,package_type
1162,18,MIS.100X120X120H,measures
1163,19,;,others
1164,20,PALLET,others
1165,21,DA,others
1166,22,SOVRAPPORRE,stackable
1167,23,;,others
1168,24,PESO,others
1169,25,LORDO,others
1170,26,TOT,others
1171,27,KG.2200,weight
1172,28,;,others
1173,29,RESA:,others
1174,30,CFR,incoterms
1175,31,;,others
1176,32,NOLO:,others
1177,33,MARE;,others
1178,34,DESTINAZIONE:,others
1179,35,MP,others
1180,36,GAS CONTROLS SPA,others
1181,37,;,others
1182,38,"VIA NEZIOLE, 2;",others
1183,39,25055,others
1184,40,PISOGNE (BS,others
1185,41,);,others
1186,42,Da,others
1187,43,ritirare,others
1188,44,presso,others
1189,45,il,others
1190,46,nostro,others
1191,47,cliente:,others
1192,48,CASALE SWIFT APPLIANCE GROUP,others
1193,49,;,others
1194,50,14-16 Brooklyn Court,others
1195,51,;,others
1196,52,3061,others
1197,53,Campbellfield Victoria,others
1198,54,;,others
1199,55,AUSTRALIA,others
1200,56,;,others
1201,57,La,others
1202,58,merce,others
1203,59,Ã¨,others
1204,60,pronta,others
1205,61,al,others
1206,62,ritiro.;,others
1207,63,Rimango,others
1208,64,in,others
1209,65,attesa,others
1210,66,di,others
1211,67,un,others
1212,68,tuo,others
1213,69,gentile,others
1214,70,riscontro.;,others
1215,71,Grazie,others
1216,72,mille;,others
1217,73,Cordiali,others
1218,74,saluti;,others
1219,75,Federica,others
1220,76,Damisella;,others
1221,77,Logistic,others
1222,78,Dept.;,others
1223,79,MP GAS CONTROLS S.p.A.,company
1224,80,;,others
1225,81,Via Neziole 2 -,others
1226,82,25055,others
1227,83,Pisogne (BS),others
1228,84,-,others
1229,85,Italy,others
1230,0,Dario,others
1231,1,"ciao,;per",others
1232,2,domani,others
1233,3,possiamo,others
1234,4,aggiungere,others
1235,5,anche,others
1236,6,la,others
1237,7,presa,others
1238,8,per,others
1239,9,questa,others
1240,10,cassa,others
1241,11,che,others
1242,12,deve,others
1243,13,volare,others
1244,14,nel,others
1245,15,weekend,others
1246,16,",",others
1247,17,ma,others
1248,18,con,others
1249,19,prezzi,others
1250,20,BUONISSIMI,others
1251,21,per,others
1252,22,favore.;n.,others
1253,23,1,others
1254,24,cassa,others
1255,25,cm. 170 x40x37h,measures
1256,26,-KG 79,weight
1257,27,;Destinazione,others
1258,28,:;,others
1259,29,ANIXTERR VIRTUAL WAREHOUSE,others
1260,30,;,others
1261,31,6231,others
1262,32,IDLEWILD ST;FT MYERS FL,others
1263,33,33966,others
1264,34,-usa;,others
1265,35,;Mi,others
1266,36,faresti,others
1267,37,un,others
1268,38,prezzo,others
1269,39,speciale?,others
1270,40,;Grazie,others
1271,41,mille!;,others
1272,42,;Restando,others
1273,43,a,others
1274,44,"disposizione,;cordiali",others
1275,45,saluti;At,others
1276,46,your,others
1277,47,"disposal,",others
1278,48,;best,others
1279,49,"regards,;",others
1280,50,;Elisabetta,others
1281,51,Endrizzi;,others
1282,52,cifralluminio srl,company
1283,0,Ciao,others
1284,1,"Dario,",others
1285,2,buon,others
1286,3,lunedÃ¬,others
1287,4,ðŸ˜Š;sono,others
1288,5,con,others
1289,6,la,others
1290,7,presente,others
1291,8,a,others
1292,9,chiederti,others
1293,10,quotazione,others
1294,11,C&F,others
1295,12,per,others
1296,13,spedizione,others
1297,14,del,others
1298,15,22/09/2023,others
1299,16,via,others
1300,17,aerea,others
1301,18,SAMSUN,others
1302,19,TURCHIA,others
1303,20,:;NR,others
1304,21,73,quantity
1305,22,CARTONI,package_type
1306,23,;PESO,others
1307,24,TOTALE,others
1308,25,LORDO,others
1309,26,"KG 1.570,00",weight
1310,0,"Ciao,;Potresti",others
1311,1,per,others
1312,2,favore,others
1313,3,farmi,others
1314,4,avere,others
1315,5,quotazione,others
1316,6,per,others
1317,7,una,others
1318,8,spedizione,others
1319,9,in,others
1320,10,Islanda,delivery_state
1321,11,da;effettuarsi,others
1322,12,a,others
1323,13,fine,others
1324,14,settimana,others
1325,15,prossima?;DESTINAZIONE:,others
1326,16,GUNNI SIG EHF - LAXATUNGA 35 -,others
1327,17,270,others
1328,18,MOSFELLSBAER - IS,others
1329,19,;VALORE,others
1330,20,MERCE:,others
1331,21,Euro,others
1332,22,"14.477,9;COLLI:",others
1333,23,n,others
1334,24,4;PESO,others
1335,25,LORDO:,others
1336,26,"Kg 75,02",weight
1337,27,;Grazie,others
1338,28,e,others
1339,29,buon,others
1340,30,"lavoro,;Alessandra",others
1341,31,Finardi;Sales,others
1342,32,Dept.;,others
1343,33,CSAR GUERINI SRL,company
1344,0,Buongiorno,others
1345,1,"Dario,;mi",others
1346,2,servirebbe,others
1347,3,quotazione,others
1348,4,Canada,delivery_state
1349,5,"sotto,",others
1350,6,resa,others
1351,7,DAP,delivery_port
1352,8,con,others
1353,9,dazi,others
1354,10,ed,others
1355,11,iva,others
1356,12,a,others
1357,13,carico,others
1358,14,dellâ€™importare;E,others
1359,15,PREAVVISO,others
1360,16,ALLO,others
1361,17,SCARICO,others
1362,18,INCLUSO,others
1363,19,NEL,others
1364,20,PREZZO.;,others
1365,21,;Restando,others
1366,22,a,others
1367,23,"disposizione,;cordiali",others
1368,24,saluti;At,others
1369,25,your,others
1370,26,"disposal,",others
1371,27,;best,others
1372,28,"regards,;",others
1373,29,;Elisabetta,others
1374,30,Endrizzi;,others
1375,31,;cifralluminio srl,company
1376,0,"Carlo,;mi",others
1377,1,potresti,others
1378,2,quotare,others
1379,3,anche:;Il,others
1380,4,Heung,delivery_port
1381,5,corea sud,delivery_state
1382,6,;,others
1383,7,4Gx47x47,measures
1384,8,Kg:78.40,weight
1385,9,;Solo,others
1386,10,armi,others
1387,11,di,others
1388,12,modesta,others
1389,13,capacit,others
1390,14,offensiva;Tommaso;,others
1391,15,Pardini Armi srl,company
1392,16,;Via Italica 154/A;,others
1393,17,55041,others
1394,18,Lido di Camaiore (LU),others
1395,19,Italy,others
1396,0,Mi,others
1397,1,fareste,others
1398,2,avere,others
1399,3,quotazione,others
1400,4,per,others
1401,5,la,others
1402,6,spedizione,others
1403,7,in,others
1404,8,oggetto?;NR.,others
1405,9,4,quantity
1406,10,CRTNS,package_type
1407,11,TOTALI,others
1408,12,-,others
1409,13,PESO,others
1410,14,"88,21 KG",weight
1411,15,;-,others
1412,16,NR.,others
1413,17,1,quantity
1414,18,CM 50X43X31,measures
1415,19,;-,others
1416,20,NR.,others
1417,21,1,quantity
1418,22,CM 35X32X29;,measures
1419,23,-,others
1420,24,NR.,others
1421,25,2,quantity
1422,26,CM 110X36X60,measures
1423,27,;Sono,others
1424,28,pistole s.a. + fucili s.a. + carrelli,others
1425,29,;Grazie,others
1426,30,e,others
1427,31,buona,others
1428,32,serata!;--,others
1429,33,;Cordiali,others
1430,34,Saluti,others
1431,35,/,others
1432,36,Best,others
1433,37,regards;Export,others
1434,38,Department;Roberta,others
1435,39,Bianchi;,others
1436,40,FRATELLI TANFOGLIO S.R.L.,company
1437,0,;Ciao,others
1438,1,"Sonia,",others
1439,2,;,others
1440,3,;per,others
1441,4,favore,others
1442,5,mi,others
1443,6,servirebbe,others
1444,7,preventivo,others
1445,8,per,others
1446,9,spedizione,others
1447,10,in,others
1448,11,Kuwait,delivery_port
1449,12,(,others
1450,13,Kuwait,others
1451,14,City,others
1452,15,);per:;,others
1453,16,;n.,others
1454,17,4,quantity
1455,18,cartoni,package_type
1456,19,;kg. 125,weight
1457,20,;m,others
1458,21,"c 0,4",others
1459,22,;,others
1460,23,;grazie;,others
1461,24,;Martina,others
1462,25,LEPRI;International,others
1463,26,Sales,others
1464,27,Dept.;,others
1465,28,;,others
1466,29,;,others
1467,30,FABARM S.p.A.,company
1468,31,;Via,others
1469,32,"Averolda,",others
1470,33,31,others
1471,34,I,others
1472,35,25039,others
1473,36,TRAVAGLIATO (BS),others
1474,37,I,others
1475,38,ITALY,others
1476,0,;Ciao,others
1477,1,"Sonia,",others
1478,2,;,others
1479,3,;tutto,others
1480,4,bene?,others
1481,5,:);,others
1482,6,;mi,others
1483,7,servirebbe,others
1484,8,preventivo,others
1485,9,pe,others
1486,10,spedizione,others
1487,11,in,others
1488,12,Macedonia,pickup_state
1489,13,â€“,others
1490,14,Skopje â€“,delivery_port
1491,15,per,others
1492,16,n.,others
1493,17,14,quantity
1494,18,cartoni,package_type
1495,19,/ kg 350,weight
1496,20,;,others
1497,21,;cliente,others
1498,22,DI,others
1499,23,MAN CO (Mr Man,others
1500,24,"gutov),",others
1501,25,che,others
1502,26,conoscete.;,others
1503,27,";Ciao,",others
1504,28,grazie;,others
1505,29,;Martina,others
1506,30,LEPRI;International,others
1507,31,Sales,others
1508,32,Dept.;,others
1509,33,;,others
1510,34,;,others
1511,35,FABARM S.p.A.,company
1512,36,;Via,others
1513,37,"Averolda,31",others
1514,38,I,others
1515,39,25039,others
1516,40,TRAVAGLIATO (BS),others
1517,0,Buongiorno,others
1518,1,"ragazzi,;per",others
1519,2,domani,others
1520,3,possiamo,others
1521,4,procedere,others
1522,5,con,others
1523,6,il,others
1524,7,ritiro,others
1525,8,e,others
1526,9,lâ€™imbarco,others
1527,10,sul,others
1528,11,primo,others
1529,12,volo,others
1530,13,utile,others
1531,14,della,others
1532,15,seguente,others
1533,16,cassa,others
1534,17,pronta,others
1535,18,per,others
1536,19,partire:;MISURE,others
1537,20,DEFINITIVE:;,others
1538,21,1,quantity
1539,22,CASSA,package_type
1540,23,CM,others
1541,24,. 225X87X172H,measures
1542,25,â€“,others
1543,26,KG 640,weight
1544,27,;CONSIGNEE:;J.E.,others
1545,28,"Richards,",others
1546,29,Inc.;,others
1547,30,4600,pickup_cap
1548,31,"Hargrove Dr. Suite 100 Lanham, MD",pickup_location
1549,32,20706,pickup_cap
1550,33,-U.S.A.;CONTACT,others
1551,34,BEFORE,others
1552,35,DELIVERY:;Cain,others
1553,36,Clark,others
1554,37,;P,others
1555,38,301,others
1556,39,345,others
1557,40,1300,others
1558,41,C,others
1559,42,240,others
1560,43,446,others
1561,44,3707;Mi,others
1562,45,raccomando,others
1563,46,viste,others
1564,47,le,others
1565,48,dimensioni,others
1566,49,della,others
1567,50,cassa,others
1568,51,Ã¨,others
1569,52,bene,others
1570,53,che,others
1571,54,si,others
1572,55,parlino,others
1573,56,prima,others
1574,57,di,others
1575,58,andare,others
1576,59,in,others
1577,60,consegna!;,others
1578,61,;Attendo,others
1579,62,conferma,others
1580,63,della,others
1581,64,fattibilitÃ ,others
1582,65,e,others
1583,66,voli,others
1584,67,"previsti,",others
1585,68,e,others
1586,69,conferma,others
1587,70,della,others
1588,71,quotazione,others
1589,72,"aggiornata,",others
1590,73,;,others
1591,74,;Restando,others
1592,75,a,others
1593,76,"disposizione,;cordiali",others
1594,77,saluti;At,others
1595,78,your,others
1596,79,"disposal,",others
1597,80,;best,others
1598,81,"regards,;",others
1599,82,;Elisabetta,others
1600,83,Endrizzi;,others
1601,84,cifralluminio srl,company
1602,0,Ti,others
1603,1,chiedo,others
1604,2,anche,others
1605,3,una,others
1606,4,quotazione,others
1607,5,per,others
1608,6,il,others
1609,7,cliente,others
1610,8,indiano,others
1611,9,Mangla,delivery_port
1612,10,.,others
1613,11,;Come,others
1614,12,al,others
1615,13,solito,others
1616,14,con,others
1617,15,le,others
1618,16,sotto-polizze;Totale,others
1619,17,colli,package_type
1620,18,25 Kg: 143,weight
1621,19,47x25x20;,measures
1622,0,Priorit:,others
1623,1,Alta;Ciao,others
1624,2,"Sonia,;per",others
1625,3,favore,others
1626,4,mi,others
1627,5,servirebbe,others
1628,6,preventivo,others
1629,7,per,others
1630,8,sped.,others
1631,9,a,others
1632,10,Malta,pickup_state
1633,11,;sono,others
1634,12,4,others
1635,13,crt,others
1636,14,/,others
1637,15,90kg,weight
1638,16,;grazie!;,others
1639,17,;Martina,others
1640,18,LEPRI;International,others
1641,19,Sales,others
1642,20,Dept.;,others
1643,21,FABARM S.p.A.,company
1644,22,";Via Averolda,31",others
1645,23,I,others
1646,24,25039,others
1647,25,TRAVAGLIATO (BS),others
1648,26,I,others
1649,27,ITALY,others
1650,0,Buon,others
1651,1,pomeriggio,others
1652,2,Dario,others
1653,3,e,others
1654,4,"Carlo,;mi",others
1655,5,potreste,others
1656,6,quotare,others
1657,7,una,others
1658,8,spedizione,others
1659,9,per,others
1660,10,Malesia,delivery_state
1661,11,:;,others
1662,12,1,quantity
1663,13,collo,package_type
1664,14,:,others
1665,15,47x25x40,measures
1666,16,10 Kg,weight
1667,17,;Cliente,others
1668,18,in,others
1669,19,allegato,others
1670,20,;Fatemi,others
1671,21,sapere,others
1672,22,anche,others
1673,23,se,others
1674,24,fa,others
1675,25,scalo,others
1676,26,che,others
1677,27,mi,others
1678,28,serve,others
1679,29,per,others
1680,30,la,others
1681,31,documentazione.;Tommaso;,others
1682,32,;,others
1683,33,Pardini Armi srl,company
1684,34,;Via Italica 154/A,others
1685,35,;,others
1686,36,55041,others
1687,37,Lido di Camaiore (LU),others
1688,38,Italy,others
1689,0,Ciao,others
1690,1,"Carlo,;Come",others
1691,2,stai?,others
1692,3,Tutto,others
1693,4,bene?;Ho,others
1694,5,pronta,others
1695,6,una,others
1696,7,spedizione,others
1697,8,Benelli,incoterms
1698,9,+,others
1699,10,Franchi,delivery_port
1700,11,per,others
1701,12,la,others
1702,13,Turchia,pickup_state
1703,14,e,others
1704,15,la,others
1705,16,mia,others
1706,17,corrispondente,others
1707,18,di,others
1708,19,Stoeger,others
1709,20,",",others
1710,21,"BirgÃ¼l, mi chiede la miglior quotazione che possiate fargli.;Si tratta di :;Benelli",others
1711,22,;,others
1712,23,Cartons,package_type
1713,24,74,quantity
1714,25,;Gross,others
1715,26,weight,others
1716,27,"kg 1.776,020",weight
1717,28,;,others
1718,29,;,others
1719,30,Franchi,others
1720,31,;,others
1721,32,Cartons,package_type
1722,33,11,quantity
1723,34,;Gross,others
1724,35,Weight,others
1725,36,"kg 189,300",weight
1726,37,;,others
1727,38,;Allego,others
1728,39,il,others
1729,40,dettaglio,others
1730,41,della,others
1731,42,merce,others
1732,43,(le,others
1733,44,Proforme),others
1734,45,e,others
1735,46,le,others
1736,47,dimensioni,others
1737,48,dei,others
1738,49,colli.;Attendo,others
1739,50,vostra,others
1740,51,"risposta,",others
1741,52,grazie,others
1742,53,mille.;Assunta;Assunta,others
1743,54,Grimani;,others
1744,55,;Export,others
1745,56,Sales;,others
1746,57,Benelli Armi S.p.A.,company
1747,0,Ciao,others
1748,1,"Mirko,;Gentilmente",others
1749,2,mi,others
1750,3,servirebbe,others
1751,4,unâ€™offerta,others
1752,5,per,others
1753,6,un,others
1754,7,40,quantity
1755,8,BOX,package_type
1756,9,da,others
1757,10,inoltrare,others
1758,11,ai,others
1759,12,colleghi,others
1760,13,della,others
1761,14,filiale,others
1762,15,canadese,delivery_state
1763,16,Copio e,others
1764,17,incollo,others
1765,18,dalla,others
1766,19,loro,others
1767,20,email:;,others
1768,21,;*,others
1769,22,Incoterms:,others
1770,23,CPT,incoterms
1771,24,;*,others
1772,25,Shipment,others
1773,26,to,others
1774,27,be,others
1775,28,booked,others
1776,29,to,others
1777,30,Port,others
1778,31,of Halifax/Montreal,delivery_port
1779,32,with final destination,others
1780,33,"Bolton, ON",pickup_location
1781,34,via,others
1782,35,rail,others
1783,36,;,others
1784,37,;Grazie;,others
1785,38,;,others
1786,39,;Cordiali,others
1787,40,saluti,others
1788,41,|,others
1789,42,Best,others
1790,43,regards;Luca,others
1791,44,Spreafico;Material,others
1792,45,Management,others
1793,46,Expert;,others
1794,47,PERI S.r.l.,company
1795,48,âˆ™,others
1796,49,Casseforme,others
1797,50,Impalcature,others
1798,51,Ingegneria,others
1799,52,|,others
1800,53,Formwork Scaffolding,others
1801,54,Engineering;,others
1802,55,;Ufficio:,others
1803,56,Via,others
1804,57,Archimede,others
1805,58,23,others
1806,59,âˆ™,others
1807,60,208,others
1808,61,64,others
1809,62,Agrate Brianza (MB),others
1810,63,âˆ™,others
1811,64,Italia,others
1812,65,|,others
1813,66,Italy;Magazzino:,others
1814,67,Via,others
1815,68,1Â°,others
1816,69,Maggio,others
1817,70,19,others
1818,71,âˆ™,others
1819,72,260,others
1820,73,10,others
1821,74,Po,others
1822,75,zzaglio ed Uniti (CR),others
1823,0,Buongiorno,others
1824,1,"Mirko,;avremmo",others
1825,2,bisogno,others
1826,3,della,others
1827,4,quotazione,others
1828,5,per,others
1829,6,spedire,others
1830,7,un,others
1831,8,container,others
1832,9,20,others
1833,10,piedi,others
1834,11,a,others
1835,12,questo,others
1836,13,indirizzo:;,others
1837,14,BICAST,delivery_port
1838,15,INC,incoterms
1839,16,;,others
1840,17,william,delivery_port
1841,18,sburg;,others
1842,19,231K Parkway Drive;Williamsburg,pickup_location
1843,20,23185,pickup_cap
1844,21,;Il,others
1845,22,"materiale,",others
1846,23,10,quantity
1847,24,bancali,package_type
1848,25,di,others
1849,26,"calendari,",others
1850,27,Ã¨,others
1851,28,giÃ ,others
1852,29,pronto,others
1853,30,da,others
1854,31,ritirare,others
1855,32,prezzo,others
1856,33,CARTOTECNICA,others
1857,34,2,quantity
1858,35,EMME,package_type
1859,36,",",others
1860,37,BASSANO DEL GRAPPA,pickup_location
1861,0,Ciao,others
1862,1,a,others
1863,2,"tutti,;",others
1864,3,;vi,others
1865,4,chiedo,others
1866,5,gentilmente,others
1867,6,alcune,others
1868,7,info,others
1869,8,per,others
1870,9,una,others
1871,10,spedizione,others
1872,11,a,others
1873,12,North Sylva-Canada,delivery_location
1874,13,che,others
1875,14,vorremmo,others
1876,15,organizzare,others
1877,16,per,others
1878,17,la,others
1879,18,fine,others
1880,19,di,others
1881,20,Luglio;,others
1882,21,;Vorrei,others
1883,22,sapere,others
1884,23,se,others
1885,24,avete,others
1886,25,degli,others
1887,26,schedulati,others
1888,27,delle,others
1889,28,partenze,others
1890,29,Navi,delivery_port
1891,30,e,others
1892,31,il,others
1893,32,transit,others
1894,33,time.,others
1895,34,Dobbiamo,others
1896,35,fare,others
1897,36,avere,others
1898,37,la,others
1899,38,merce,others
1900,39,al,others
1901,40,cliente,others
1902,41,per,others
1903,42,la,others
1904,43,settimana,others
1905,44,34,others
1906,45,(21/08,others
1907,46,â€“,others
1908,47,25/08);,others
1909,48,;Vi,others
1910,49,chiedo,others
1911,50,inoltre,others
1912,51,una,others
1913,52,quotazione,others
1914,53,per,others
1915,54,un,others
1916,55,container,container
1917,56,20ft oppure 40ft,measures
1918,57,;,others
1919,58,;,others
1920,59,;Vi,others
1921,60,ringrazio,others
1922,61,in,others
1923,62,anticipo,others
1924,63,e,others
1925,64,resto,others
1926,65,a,others
1927,66,disposizione;,others
1928,67,;Buon,others
1929,68,lavoro;,others
1930,69,;,others
1931,70,;Luigi,others
1932,71,Buffoli;,others
1933,72,;,others
1934,73,;Chiapp,others
1935,74,a Firearms SRL | Intâ€™l operation and Logistics,company
1936,75,;Via,others
1937,76,"Milano,",others
1938,77,2,others
1939,78,-,others
1940,79,Azzano Mella (BS,others
1941,80,),others
1942,81,Italy,others
1943,0,Buongiorno,others
1944,1,"Chiara,;con",others
1945,2,la,others
1946,3,presente,others
1947,4,ti,others
1948,5,invio,others
1949,6,le,others
1950,7,istruzioni,others
1951,8,per,others
1952,9,il,others
1953,10,seguente,others
1954,11,ritiro,others
1955,12,per,others
1956,13,un,others
1957,14,nuovo,others
1958,15,ordine,others
1959,16,del,others
1960,17,ns.cliente,others
1961,18,Armengol-Argentina,delivery_port
1962,19,",",others
1963,20,ti,others
1964,21,chiedo,others
1965,22,gentilmente,others
1966,23,la,others
1967,24,vostra,others
1968,25,miglior,others
1969,26,quotazione,others
1970,27,per,others
1971,28,la,others
1972,29,nave,others
1973,30,disponibile,others
1974,31,per,others
1975,32,la,others
1976,33,prima,others
1977,34,settimana,others
1978,35,di,others
1979,36,luglio,others
1980,37,per,others
1981,38,la,others
1982,39,seguente,others
1983,40,merce:;,others
1984,41,;OC,others
1985,42,NÂ°68,others
1986,43,1,quantity
1987,44,CORPI/CONI,package_type
1988,45,;NÂ°25,quantity
1989,46,PALLETS,package_type
1990,47,MIS,others
1991,48,.98X86X83H,measures
1992,49,;PALLETS,package_type
1993,50,DA,others
1994,51,SOVRAPPORRE,others
1995,52,;PESO,others
1996,53,LORDO,others
1997,54,TOT,others
1998,55,KG.,weight
1999,56,7209,weight
2000,57,CIRCA;RESA:,others
2001,58,CFR,incoterms
2002,59,BUENOS AIRES ;NOLO:,delivery_state
2003,60,MARE; ;Destinazione: ARMENGOL SA ; FRANCISCO CAFFERATA 3281 (CP 1852) ;,others
2004,61,PARQUE INDUSTRIAL BURZACO ;01852 BUENOS,others
2005,62,AIRES,others
2006,63,ARGENTINA,others
2007,64,;,others
2008,65,;Da,others
2009,66,ritirare,others
2010,67,presso,others
2011,68,il,others
2012,69,nostro,others
2013,70,magazzino:;MP,others
2014,71,GAS CONTROLS S.p.A.,company
2015,72,;VIA,others
2016,73,NEZIOLE,others
2017,74,",",others
2018,75,2;,others
2019,76,25055,others
2020,77,PISOGNE (BS),others
2021,78,;Orari,others
2022,79,magazzino:,others
2023,80,12-Aug,others
2024,81,â€“,others
2025,82,13:30/17:30;,others
2026,83,;La,others
2027,84,merce,others
2028,85,Ã¨,others
2029,86,pronta,others
2030,87,al,others
2031,88,ritiro,others
2032,89,venerdÃ¬,others
2033,90,30/06/2023,others
2034,91,ore,others
2035,92,14:00.;,others
2036,93,;Per,others
2037,94,favore,others
2038,95,in,others
2039,96,offerta,others
2040,97,indicare,others
2041,98,la,others
2042,99,prima,others
2043,100,nave,others
2044,101,disponibile,others
2045,102,in,others
2046,103,partenza,others
2047,104,x,others
2048,105,la,others
2049,106,prima,others
2050,107,settimana,others
2051,108,di,others
2052,109,luglio,others
2053,110,con,others
2054,111,data,others
2055,112,partenza,others
2056,113,e,others
2057,114,data,others
2058,115,arrivo,others
2059,116,nave,others
2060,117,+,others
2061,118,nome,others
2062,119,della,others
2063,120,nave.;,others
2064,121,;Attendiamo,others
2065,122,quotazione;,others
2066,123,;Buona,others
2067,124,giornata;,others
2068,125,;Federica,others
2069,126,Damisella;Logistic,others
2070,127,Dept.;,others
2071,128,;MP,company
2072,129,GAS CONTROLS S.p.A.,company
2073,130,;Via,others
2074,131,Neziole,others
2075,132,2,others
2076,133,-,others
2077,134,25055,others
2078,135,Pisogne (BS),others
2079,0,Buongiorno,others
2080,1,"Mirko,;avremmo",others
2081,2,bisogno,others
2082,3,di,others
2083,4,spedire,others
2084,5,un,others
2085,6,container,commodity
2086,7,20,quantity
2087,8,piedi,others
2088,9,a,others
2089,10,questo,others
2090,11,indirizzo:,others
2091,12,12,pickup_location
2092,13,Airpark,pickup_location
2093,14,Road;,pickup_location
2094,15,3784,pickup_cap
2095,16,â€“,others
2096,17,West,pickup_location
2097,18,Lebanon,pickup_location
2098,19,(,pickup_location
2099,20,NH);,pickup_location
2100,21,USA;,delivery_state
2101,22,"Il materiale, ",others
2102,23,10,quantity
2103,24,"bancali di calendari, ",package_type
2104,25,potrebbe essere pronto giÃ  venerdÃ¬ 19 (da confermare) a,others
2105,26,Bassano d. G.,pickup_location
2106,27,(CARTOTECNICA,others
2107,28,2,others
2108,0,Ciao,others
2109,1,"Sonia,",others
2110,2,;,others
2111,3,;per,others
2112,4,favore,others
2113,5,mi,others
2114,6,servirebbe,others
2115,7,preventivo,others
2116,8,per,others
2117,9,spedizione,others
2118,10,in,others
2119,11,Canada,pickup_state
2120,12,â€“,others
2121,13,Calgary,delivery_port
2122,14,â€“,others
2123,15,per:;,others
2124,16,;n.,others
2125,17,19,others
2126,18,cartoni,others
2127,19,;kg,others
2128,20,"470;mc 2,5",others
2129,21,;,others
2130,22,;cliente,others
2131,23,KORTH,others
2132,24,GROUP;,others
2133,25,";ciao,",others
2134,26,grazie,others
2135,27,;,others
2136,28,;Martina,others
2137,29,LEPRI;International,others
2138,30,Sales,others
2139,31,Dept.;,others
2140,32,;;,others
2141,33,;,others
2142,34,FABARM S.p.A.,company
2143,35,;Via,others
2144,36,"Averolda,",others
2145,37,31,others
2146,38,I,others
2147,39,25039,others
2148,40,TRAVAGLIATO (BS),others
2149,41,I,others
2150,42,ITALY,others
2151,0,Ciao,others
2152,1,"Sonia,;",others
2153,2,;mi,others
2154,3,mandi,others
2155,4,quotazione,others
2156,5,per,others
2157,6,Powell,delivery_port
2158,7,nr.,others
2159,8,3,others
2160,9,cartoni,others
2161,10,kg lordi 30,others
2162,11,;,others
2163,12,;sul,others
2164,13,10,others
2165,14,o,others
2166,15,12,others
2167,16,luglio?;,others
2168,17,";Grazie,;",others
2169,18,;Barbara;,others
2170,19,;RIZZINI SRL,company
2171,20,;,others
2172,21,Via 2 Giugno 7/7 bis,others
2173,22,;,others
2174,23,25060,others
2175,24,MARCHENO ( BS ),others
2176,0,Ciao,others
2177,1,a,others
2178,2,tutti!;Riuscireste,others
2179,3,per,others
2180,4,cortesia,others
2181,5,a,others
2182,6,darmi,others
2183,7,quotazione,others
2184,8,aggiornata,others
2185,9,sulla,others
2186,10,base,others
2187,11,della,others
2188,12,richiesta,others
2189,13,sottostante?;,others
2190,14,;Grazie,others
2191,15,mille,others
2192,16,e,others
2193,17,buona,others
2194,18,giornata.;,others
2195,19,;Clarissa,others
2196,20,Griotti;,others
2197,21,;,others
2198,22,C.D. Europe SRL,company
2199,0,Buongiorno,others
2200,1,"Dario,",others
2201,2,;,others
2202,3,;avrei,others
2203,4,una,others
2204,5,spedizione,others
2205,6,pronta,others
2206,7,per,others
2207,8,il,others
2208,9,Canada,pickup_state
2209,10,",",others
2210,11,si,others
2211,12,tratta,others
2212,13,di,others
2213,14,:;,others
2214,15,;,others
2215,16,1,quantity
2216,17,cartone,package_type
2217,18,;,others
2218,19,"50,5x31,5x36,5;",measures
2219,20,;,others
2220,21,19,quantity
2221,22,cartoni,package_type
2222,23,;50x37x60;,measures
2223,24,;,others
2224,25,1,quantity
2225,26,cartone,package_type
2226,27,;,others
2227,28,"72x50x41,5;",measures
2228,29,;Tot,others
2229,30,21,total_quantity
2230,31,cartoni,package_type
2231,32,;Volume,others
2232,33,"2,354;",total_volume
2233,34,Kg 320,weight
2234,35,circa;,others
2235,36,;Mi,others
2236,37,faresti,others
2237,38,un,others
2238,39,preventivo,others
2239,40,e,others
2240,41,mi,others
2241,42,confermi,others
2242,43,comunque,others
2243,44,il,others
2244,45,ritiro,others
2245,46,per,others
2246,47,domani?;,others
2247,48,;Grazie,others
2248,49,;,others
2249,50,;,others
2250,51,;,others
2251,52,Edea Srl,company
2252,0,Dario,others
2253,1,"ciao,;mi",others
2254,2,servirebbe,others
2255,3,un,others
2256,4,buon,others
2257,5,prezzo(,others
2258,6,tutto,others
2259,7,incluso,others
2260,8,RESA,others
2261,0,Buongiorno,others
2262,1,"Sonia,;;",others
2263,2,Avrei,others
2264,3,bisogno,others
2265,4,di,others
2266,5,quotazione,others
2267,6,per,others
2268,7,la,others
2269,8,spedizione,others
2270,9,in,others
2271,10,oggetto:;NR,others
2272,11,3,quantity
2273,12,CRTNS,package_type
2274,13,-,others
2275,14,CM 35X32X29,measures
2276,15,;PESO:,others
2277,16,"63,54 Kgs",weight
2278,17,;Sitratta,others
2279,18,di,others
2280,19,parti,others
2281,20,NON,others
2282,21,a,others
2283,22,Nulla,others
2284,23,Osta.;;;Grazie,others
2285,24,in,others
2286,25,"anticipo,;Roberta",others
2287,26,;--,others
2288,27,;Cordiali,others
2289,28,Saluti,others
2290,29,/,others
2291,30,Best,others
2292,31,regards;Export,others
2293,32,Department;Roberta,others
2294,33,Bianchi;,others
2295,34,FRATELLI TANFOGLIO S.R.L.,company
2296,0,50x50x150 cm;,measures
2297,1,;,others
2298,2,;Cordialmente,others
2299,3,/,others
2300,4,Kind,others
2301,5,regards;Nicole,others
2302,6,Ghirardini;;,others
2303,7,"SABATTI SPA;Via Alessandro Volta, 90;",company
2304,8,25063,others
2305,9,"Gardone Val Trompia - Brescia,",others
2306,10,Italia,others
2307,0,Buongiorno,others
2308,1,"Chiara,;ti",others
2309,2,chiedo,others
2310,3,gentilmente,others
2311,4,quotazione,others
2312,5,per,others
2313,6,ritiro,others
2314,7,merce,others
2315,8,presso,others
2316,9,il,others
2317,10,nostro,others
2318,11,cliente,others
2319,12,Casale,others
2320,13,Australia,delivery_state
2321,14,:;,others
2322,15,;,others
2323,16,NÂ°3,quantity
2324,17,PALLETS,package_type
2325,18,MIS.100X120X120H,measures
2326,19,;,others
2327,20,PALLET,package_type
2328,21,DA,others
2329,22,SOVRAPPORRE,stackable
2330,23,;PESO,others
2331,24,LORDO,others
2332,25,TOT,others
2333,26,KG.2200,weight
2334,27,;RESA:,others
2335,28,CFR,incoterms
2336,29,;NOLO:,others
2337,30,MARE;,others
2338,31,;DESTINAZIONE:,others
2339,32,MP,others
2340,33,G,others
2341,34,AS,others
2342,35,CONTROLS,others
2343,36,SPA,others
2344,37,";VIA NEZIOLE, 2",others
2345,38,;,others
2346,39,25055,others
2347,40,PISOGNE (BS),others
2348,41,;,others
2349,42,;Da,others
2350,43,ritirare,others
2351,44,presso,others
2352,45,il,others
2353,46,nostro,others
2354,47,cliente:,others
2355,48,CASALE SWIFT APPLIANCE GROUP,others
2356,49,;,others
2357,50,14-16 Brooklyn Court,others
2358,51,;,others
2359,52,3061,others
2360,53,Campbellfield Victoria,others
2361,54,;,others
2362,55,AUSTRALIA,others
2363,56,;,others
2364,57,;La,others
2365,58,merce,others
2366,59,Ã¨,others
2367,60,pronta,others
2368,61,al,others
2369,62,ritiro.;,others
2370,63,;Rimango,others
2371,64,in,others
2372,65,attesa,others
2373,66,di,others
2374,67,un,others
2375,68,tuo,others
2376,69,gentile,others
2377,70,riscontro.;,others
2378,71,;Grazie,others
2379,72,mille;Cordiali,others
2380,73,saluti;,others
2381,74,;Federica,others
2382,75,Damisella;Logistic,others
2383,76,Dept.;,others
2384,77,;;MP,others
2385,78,GAS CONTROLS S.p.A.,company
2386,79,;,others
2387,80,Via Neziole 2,others
2388,81,-,others
2389,82,25055,others
2390,83,Pisogne (BS),others
2391,84,-,others
2392,85,Italy,others
2393,0,;,others
2394,1,;Buongiorno,others
2395,2,"Dario,;",others
2396,3,;sono,others
2397,4,con,others
2398,5,la,others
2399,6,presente,others
2400,7,a,others
2401,8,chiederVi,others
2402,9,quotazione,others
2403,10,C&F,others
2404,11,per,others
2405,12,spedizione,others
2406,13,pronta,others
2407,14,il,others
2408,15,7-Jul,others
2409,16,(SE PAGA) via aerea TISAS TURCHIA,others
2410,17,61900,others
2411,18,ARSIN TRABZON:,others
2412,19,;,others
2413,20,;NR.,others
2414,21,31,quantity
2415,22,CARTONI,package_type
2416,23,;,others
2417,24,PESO,others
2418,25,TOTALE,others
2419,26,LORDO,others
2420,27,"KG. 730,00",weight
2421,0,Ciao,others
2422,1,"Sonia,;",others
2423,2,Eccomi,others
2424,3,con,others
2425,4,le,others
2426,5,misure,others
2427,6,e,others
2428,7,peso,others
2429,8,(indicativo):,others
2430,9,;PESO:,others
2431,10,178 Kgs,weight
2432,11,circa,others
2433,12,;;NR.,others
2434,13,9,quantity
2435,14,CRTNS TOTALI;MISURE CARTONI,others
2436,15,:,others
2437,16,NR.,others
2438,17,8,quantity
2439,18,-,others
2440,19,CM,measures
2441,20,50X43X31,measures
2442,21,+,others
2443,22,NR.,others
2444,23,1,quantity
2445,24,-,others
2446,25,CM,measures
2447,26,110X36X60,measures
2448,27,;;;Speriamo,others
2449,28,di,others
2450,29,riuscire,others
2451,30,ad,others
2452,31,essere,others
2453,32,pronti,others
2454,33,mercoledÃ¬,others
2455,34,prossimo.;Ti,others
2456,35,riaggiorno;;;Grazie,others
2457,36,mille,others
2458,37,"intanto,;Roberta;;;Il",others
2459,38,5/5/2023,others
2460,39,"09:49,",others
2461,40,Tanfoglio Export Dept.,others
2462,41,ha,others
2463,42,scritto:;;,others
2464,43,Buongiorno,others
2465,44,a,others
2466,45,"tutti,;",others
2467,46,La,others
2468,47,settimana,others
2469,48,prossima,others
2470,49,dobbiamo,others
2471,50,spedire,others
2472,51,delle,others
2473,52,armi,others
2474,53,in,others
2475,54,Portogallo.;,others
2476,55,Si,others
2477,56,tratta,others
2478,57,di,others
2479,58,nr.,others
2480,59,80,others
2481,60,PISTOLE,others
2482,61,S.A.,others
2483,62,+,others
2484,63,nr.,others
2485,64,4,others
2486,65,CARABINE,others
2487,66,S.A.;,others
2488,67,Non,others
2489,68,ho,others
2490,69,ancora,others
2491,70,"dettagli,",others
2492,71,ve,others
2493,72,li,others
2494,73,faccio,others
2495,74,avere,others
2496,75,al,others
2497,76,piÃ¹,others
2498,77,presto.;,others
2499,78,;,others
2500,79,Dobbiamo,others
2501,80,prenotare,others
2502,81,il,others
2503,82,primo,others
2504,83,volo,others
2505,84,disponibile,others
2506,85,per,others
2507,86,consegnare,others
2508,87,la,others
2509,88,merce,others
2510,89,al,others
2511,90,cliente,others
2512,91,entro,others
2513,92,il,others
2514,93,17,others
2515,94,maggio.;,others
2516,95,;,others
2517,96,;,others
2518,97,;,others
2519,98,Grazie,others
2520,99,e,others
2521,100,buon,others
2522,101,"lavoro,;",others
2523,102,Roberta;,others
2524,103,;,others
2525,104,--,others
2526,105,;,others
2527,106,;,others
2528,107,Cordiali,others
2529,108,Saluti,others
2530,109,/,others
2531,110,Best,others
2532,111,regards;,others
2533,112,;,others
2534,113,Export,others
2535,114,Department;,others
2536,115,Roberta,others
2537,116,Bianchi;,others
2538,117,FRATELLI TANFOGLIO S.R.L.,company
2539,118,;,others
2540,119,Via,others
2541,120,Valtrompia,others
2542,121,39-41;,others
2543,122,25063,others
2544,0,Ciao,others
2545,1,"Dario,;il",others
2546,2,cliente,others
2547,3,ha,others
2548,4,aggiornato,others
2549,5,le,others
2550,6,quantita,others
2551,7,per,others
2552,8,questa,others
2553,9,richiesta..,others
2554,10,Pertanto,others
2555,11,ho,others
2556,12,biasgno,others
2557,13,di,others
2558,14,una,others
2559,15,quotazione,others
2560,16,aggiornata,others
2561,17,con,others
2562,18,carattere,others
2563,19,urgente,others
2564,20,come,others
2565,21,segue:;;CONSEGNA,others
2566,22,PRESSO;Pyrotechnique,others
2567,23,by,others
2568,24,GRUCCI;,others
2569,25,4050,pickup_cap
2570,26,Peppers Ferry Rd.,pickup_location
2571,27,-,others
2572,28,C/O,others
2573,29,RFAAP;VA,others
2574,30,24141,pickup_cap
2575,31,Radford â€“ USA,others
2576,0,Buongiorno,others
2577,1,Mirko,others
2578,2,;Di,others
2579,3,seguito,others
2580,4,invio,others
2581,5,i,others
2582,6,dati,others
2583,7,per,others
2584,8,i,others
2585,9,quali,others
2586,10,chiedo,others
2587,11,gentilmente,others
2588,12,una,others
2589,13,quotazione.,others
2590,14,;Tenga,others
2591,15,conto,others
2592,16,per,others
2593,17,cortesia,others
2594,18,che,others
2595,19,le,others
2596,20,intestazioni,others
2597,21,della,others
2598,22,merce,others
2599,23,sono,others
2600,24,4,others
2601,25,mentre,others
2602,26,le,others
2603,27,destinazioni,others
2604,28,sono,others
2605,29,2.;Si,others
2606,30,tratta,others
2607,31,sempre,others
2608,32,di,others
2609,33,"calendari,",others
2610,34,cartoline,others
2611,35,e,others
2612,36,cataloghi.;,others
2613,37,;,others
2614,38,;RITIRO,others
2615,39,PRESSO;Cartotecnica,others
2616,40,2,others
2617,41,EMME,others
2618,42,Bassano d. Grappa;,others
2619,43,;MATERIALE;intestazione;destinazione;N,others
2620,44,bancali,others
2621,45,;misura;peso,others
2622,46,COMPLESSIVO,others
2623,47,KG,others
2624,48,;,others
2625,49,;,others
2626,50,;,others
2627,51,;,others
2628,52,;,others
2629,53,;,others
2630,54,COMMONWEALT SOUVENIRS,others
2631,55,;04,others
2632,56,86,others
2633,57,2,others
2634,58,UNION,others
2635,59,MAINE,others
2636,60,-,others
2637,61,USA,others
2638,62,;,others
2639,63,1,others
2640,64,;70X100X130h;305,others
2641,65,;MAINE,others
2642,66,SCENE,others
2643,67,INC;04,others
2644,68,86,others
2645,69,2,others
2646,70,UNION,others
2647,71,MAINE,others
2648,72,-,others
2649,73,USA,others
2650,74,;,others
2651,75,5;70X100X150h;2420,others
2652,76,;EASTERN,others
2653,77,ILLUSTRATING;04,others
2654,78,86,others
2655,79,2,others
2656,80,UN,others
2657,81,ION,others
2658,82,MAINE,others
2659,83,-,others
2660,84,USA,others
2661,85,;,others
2662,86,1,others
2663,87,;70X100X80h,others
2664,88,230;,others
2665,89,VERMONT ILLUSTRATING,others
2666,90,;03784,others
2667,91,WEST,others
2668,92,LEBANON,others
2669,93,-,others
2670,94,USA,others
2671,95,;,others
2672,96,2,others
2673,97,;70X100X150h;,measures
,98,550;,others
2674,0,Ciao,others
2675,1,"Dario,;",others
2676,2,;Dovrei,others
2677,3,spedire,others
2678,4,negli,others
2679,5,UAE,others
2680,6,un,others
2681,7,pallet,package_type
2682,8,90x145xH70 cm,measures
2683,9,del,others
2684,10,peso,others
2685,11,lordo,others
2686,12,complessivo,others
2687,13,di,others
2688,14,120 kg.,weight
2689,15,;,others
2690,16,;Destinatario:;,others
2691,17,;Sheikh,others
2692,18,Abdulla,others
2693,19,Bi,others
2694,20,Rashid,others
2695,21,Al,others
2696,22,Mualla,others
2697,23,;,others
2698,24,King Faisal Road ;,others
2699,25,5000,others
2700,26,Al Quwain City UAQ,others
2701,0,Ciao,others
2702,1,"Mirko,;",others
2703,2,;avrei,others
2704,3,bisogno,others
2705,4,per,others
2706,5,cortesia,others
2707,6,della,others
2708,7,quotazione,others
2709,8,per,others
2710,9,il,others
2711,10,seguente,others
2712,11,trasporto:;,others
2713,12,;Ritiro,others
2714,13,presso;CARTOTECNICA,others
2715,14,2,others
2716,15,EMME,others
2717,16,";QUARTIERE PRÃ‰, 17/21;",others
2718,17,36061,others
2719,18,â€“ BASSANO DEL GRAPPA (VI);,others
2720,19,;MATERIALE:;NÂ°,others
2721,20,3,others
2722,21,BANCALI,others
2723,22,100X120X140H,measures
2724,23,PESO,others
2725,24,COPLESSIVO,others
2726,25,DI,others
2727,26,1650KG,weight
2728,27,;MATERIALE,others
2729,28,DISPONIBILE,others
2730,29,AL,others
2731,30,RITIRO;,others
2732,31,;Consegna,others
2733,32,presso;,others
2734,33,4317,others
2735,34,"EAST PARKWAY;GATLINBURG,",others
2736,35,37738,others
2737,36,";TENNESEE,",others
2738,37,USA,others
2739,0,Buongiorno,others
2740,1,a,others
2741,2,"tutti,;",others
2742,3,;avrei,others
2743,4,bisogno,others
2744,5,della,others
2745,6,vostra,others
2746,7,miglior,others
2747,8,quotazione,others
2748,9,per,others
2749,10,la,others
2750,11,destinazione;,others
2751,12,MONEDA,pickup_location
2752,13,2723,others
2753,14,;SANTIAGO CHILE;CILE,others
2754,15,;,others
2755,16,;Si,others
2756,17,tratta,others
2757,18,di,others
2758,19,merce,others
2759,20,a,others
2760,21,nulla,others
2761,22,osta.;,others
2762,23,;Vi,others
2763,24,do,others
2764,25,le,others
2765,26,dimensioni,others
2766,27,sia,others
2767,28,a,others
2768,29,cartoni che palette,others
2769,30,.,others
2770,31,Fatemi,others
2771,32,avere,others
2772,33,per,others
2773,34,cortesia,others
2774,35,la,others
2775,36,quotazione,others
2776,37,per,others
2777,38,entrambi.;,others
2778,39,;Dovrebbero,others
2779,40,essere,others
2780,41,21,others
2781,42,cartoni,others
2782,43,39x29x24,measures
2783,44,per,others
2784,45,un,others
2785,46,peso,others
2786,47,totale,others
2787,48,di,others
2788,49,circa,others
2789,50,110kg,weight
2790,51,;Oppure,others
2791,52,1,quantity
2792,53,paletta,package_type
2793,54,120x80x100,measures
2794,55,per,others
2795,56,un,others
2796,57,peso,others
2797,58,di,others
2798,59,115 kg.,weight
2799,60,;,others
2800,61,;,others
2801,62,;Vi,others
2802,63,ringrazio,others
2803,64,e,others
2804,65,resto,others
2805,66,a,others
2806,67,disposizione;,others
2807,68,;Buon,others
2808,69,lavoro;,others
2809,70,;,others
2810,71,;Luigi,others
2811,72,Buffoli;,others
2812,73,;,others
2813,74,;,others
2814,75,Chiappa Firearms SRL,company
2815,0,Buongiorno,others
2816,1,Sonia!!;,others
2817,2,;Ho,others
2818,3,bisogno,others
2819,4,di,others
2820,5,chiederti,others
2821,6,una,others
2822,7,quotazione,others
2823,8,per,others
2824,9,il,others
2825,10,Fierce,others
2826,11,USA,delivery_state
2827,12,;,others
2828,13,;,others
2829,14,28,quantity
2830,15,cartoni,package_type
2831,16,;Peso,others
2832,17,(stimato),others
2833,18,575 kg,weight
2834,19,;,others
2835,20,;Sul,others
2836,21,03/07;,others
2837,22,;Grazie;,others
2838,23,;Barbara;,others
2839,24,;RIZZINI SRL,company
2840,25,;,others
2841,26,Via 2 Giugno 7/7 bis,others
2842,27,;,others
2843,28,25060,others
2844,29,MARCHENO ( BS ),others
2845,0,Ciao,others
2846,1,"Dario,;tra",others
2847,2,fine,others
2848,3,Giugno,others
2849,4,e,others
2850,5,inizio,others
2851,6,Luglio,others
2852,7,avremo,others
2853,8,una,others
2854,9,nuova,others
2855,10,spedizione,others
2856,11,per,others
2857,12,il,others
2858,13,cliente,others
2859,14,in,others
2860,15,oggetto.;,others
2861,16,;Ti,others
2862,17,chiedo,others
2863,18,quindi,others
2864,19,quotazione,others
2865,20,per,others
2866,21,i,others
2867,22,seguenti,others
2868,23,I,others
2869,24,MB,commodity
2870,25,ALLI:;No.,others
2871,26,24,others
2872,27,Cartoni,others
2873,28,100x40x20cm/cad,measures
2874,29,â€“,others
2875,30,n.w.,others
2876,31,20kg/cad â€“ g.w. 22kg/cad,weight
2877,32,;No.,others
2878,33,12,quantity
2879,34,Cartoni,others
2880,35,103x51x31cm/cad,measures
2881,36,â€“,others
2882,37,n.w.,others
2883,38,30kg/cad â€“ g.w. 32kg/cad,measures
2884,39,;TOTALE:,others
2885,40,36,quantity
2886,41,COLLI,package_type
2887,42,-,others
2888,43,TOTALE,others
2889,44,LORDO:,others
2890,45,912KG,weight
2891,46,;,others
2892,47,;Ti,others
2893,48,chiedo,others
2894,49,per,others
2895,50,cortesia,others
2896,51,di,others
2897,52,"indicarmi,",others
2898,53,nella,others
2899,54,"quotazione,",others
2900,55,la,others
2901,56,percentuale,others
2902,57,da,others
2903,58,applicare,others
2904,59,per,others
2905,60,il,others
2906,61,calcolo,others
2907,62,dellâ€™assicurazione.;,others
2908,63,;Grazie,others
2909,64,per,others
2910,65,la,others
2911,66,collaborazione,others
2912,67,e,others
2913,68,buona,others
2914,69,giornata;,others
2915,70,;Clarissa,others
2916,71,Griotti;,others
2917,72,;C.D. Europe SRL,company
2918,0,Ciao,others
2919,1,Sonia;,others
2920,2,;Mi,others
2921,3,servirebbe,others
2922,4,una,others
2923,5,quotazione,others
2924,6,indicativa,others
2925,7,per,others
2926,8,spedire,others
2927,9,a,others
2928,10,Belgrado,delivery_port
2929,11,;,others
2930,12,;,others
2931,13,3,quantity
2932,14,colli,package_type
2933,15,45x45x140 cm,measures
2934,16,â€“,others
2935,17,peso,others
2936,18,lordo,others
2937,19,150 Kg,weight
2938,20,;,others
2939,21,;,others
2940,22,;Non,others
2941,23,tribulare,others
2942,24,"troppo,",others
2943,25,tanto,others
2944,26,fino,others
2945,27,a,others
2946,28,settembre,others
2947,29,non,others
2948,30,se,others
2949,31,ne,others
2950,32,fa,others
2951,33,"nulla,",others
2952,34,perchÃ©,others
2953,35,momentaneamente,others
2954,36,non,others
2955,37,possono,others
2956,38,importare,others
2957,39,nulla,others
2958,40,(il,others
2959,41,loro,others
2960,42,governo,others
2961,43,ha,others
2962,44,sospeso,others
2963,45,le,others
2964,46,licenze,others
2965,47,dopo,others
2966,48,varie,others
2967,49,sparatorie,others
2968,50,avvenute,others
2969,51,nei,others
2970,52,mesi,others
2971,53,scorsi).;Solo,others
2972,54,che,others
2973,55,se,others
2974,56,non,others
2975,57,gli,others
2976,58,mando,others
2977,59,una,others
2978,60,"quotazione,",others
2979,61,mi,others
2980,62,stressano,others
2981,63,da,others
2982,64,morire!;,others
2983,65,;Grazie,others
2984,66,mille,others
2985,67,e,others
2986,68,buon,others
2987,69,lavoro;,others
2988,70,;Cordialmente,others
2989,71,/,others
2990,72,Kind,others
2991,73,regards;Nicole,others
2992,74,Ghirardini;;,others
2993,75,SABATTI SPA,company
2994,0,Ciao,others
2995,1,"Mirko,;con",others
2996,2,questa,others
2997,3,mail,others
2998,4,ti,others
2999,5,chiedo,others
3000,6,offerta,others
3001,7,sia,others
3002,8,via,others
3003,9,mare,others
3004,10,che,others
3005,11,aereo,others
3006,12,per,others
3007,13,la,others
3008,14,spedizione,others
3009,15,di,others
3010,16,1,quantity
3011,17,pallet di,package_type
3012,18,"pastiglie fumiganti,",others
3013,19,no,others
3014,20,ADR/IMO/IATA,others
3015,21,al,others
3016,22,cliente,others
3017,23,in,others
3018,24,packing,others
3019,25,list.;Considera,others
3020,26,Sydney,others
3021,27,come,others
3022,28,porto/aeroporto,others
3023,29,di,others
3024,30,arrivo.;Per,others
3025,31,lâ€™aereo,others
3026,32,Ã¨,others
3027,33,necessaria,others
3028,34,la,others
3029,35,stiva,others
3030,36,pressurizzata.;Grazie;,others
3031,37,;Cordiali,others
3032,38,saluti/Best,others
3033,39,"regards,;Claudia",others
3034,40,Gorlani;,others
3035,41,KEMPER SRL,company
3036,0,"Buongiorno,",others
3037,1,avrei,others
3038,2,bisogno,others
3039,3,gentilmente,others
3040,4,di,others
3041,5,due,others
3042,6,preventivi.,others
3043,7,;Uno,others
3044,8,per,others
3045,9,un,others
3046,10,bancale,package_type
3047,11,via,others
3048,12,aerea,others
3049,13,e,others
3050,14,lâ€™altro,others
3051,15,per,others
3052,16,due,quantity
3053,17,bancali,package_type
3054,18,via,others
3055,19,mare.;,others
3056,20,;CPT,incoterms
3057,21,SANTA MARTA,pickup_location
3058,22,;,others
3059,23,1,quantity
3060,24,pallet,package_type
3061,25,80x60x60h,measures
3062,26,;,others
3063,27,Kg 100,weight
3064,28,;,others
3065,29,Non sovrapponibile,stackable
3066,30,;,others
3067,31,Avremmo,others
3068,32,bisogno,others
3069,33,di,others
3070,34,sapere,others
3071,35,anche,others
3072,36,il,others
3073,37,transit,others
3074,38,time,others
3075,39,;,others
3076,40,;CFR,incoterms
3077,41,CARTAGENA,others
3078,42,;,others
3079,43,1,quantity
3080,44,pallet,package_type
3081,45,120x80x50h,measures
3082,46,;,others
3083,47,Kg 320,weight
3084,48,;,others
3085,49,Non sovrapponibile,stackable
3086,50,;,others
3087,51,;,others
3088,52,1,quantity
3089,53,pallet,package_type
3090,54,170x85x135h,measures
3091,55,;,others
3092,56,Kg 350,weight
3093,57,;,others
3094,58,Non sovrapponibile,stackable
3095,0,"Buongiorno,",others
3096,1,avrei,others
3097,2,bisogno,others
3098,3,di,others
3099,4,un,others
3100,5,preventivo,others
3101,6,sia,others
3102,7,via,others
3103,8,mare,others
3104,9,che,others
3105,10,via,others
3106,11,aereo,others
3107,12,del,others
3108,13,seguente,others
3109,14,pallet.;,others
3110,15,;,others
3111,16,CPT,incoterms
3112,17,CH,others
3113,18,ILE,others
3114,19,", SANTIAGO-",others
3115,20,VIA,others
3116,21,AERE,others
3117,22,O,others
3118,23,;,others
3119,24,1,quantity
3120,25,PALLET,package_type
3121,26,120x80x95,measures
3122,27,;Peso,others
3123,28,280kg,weight
3124,29,;,others
3125,30,Non sovrapponibile,stackable
3126,31,;,others
3127,32,;,others
3128,33,;,others
3129,34,;,others
3130,35,CIF,incoterms
3131,36,CHILE,others
3132,37,", S",others
3133,38,ANTI,others
3134,39,AGO,others
3135,40,-,others
3136,41,VIA,others
3137,42,MARE;,others
3138,43,1,quantity
3139,44,PALLET,package_type
3140,45,120x80x95,measures
3141,46,;Peso,others
3142,47,280kg,weight
3143,48,;,others
3144,49,Non sovrapponibile,stackable
3145,0,Buongiorno,others
3146,1,"Dario,",others
3147,2,;,others
3148,3,;avrei,others
3149,4,una,others
3150,5,spedizione,others
3151,6,pronta,others
3152,7,per,others
3153,8,il,others
3154,9,Canada,pickup_state
3155,10,",",others
3156,11,si,others
3157,12,tratta,others
3158,13,di,others
3159,14,:;,others
3160,15,;,others
3161,16,8,quantity
3162,17,cartoni,package_type
3163,18,;51x37x60;,measures
3164,19,;,others
3165,20,5,quantity
3166,21,cartoni,package_type
3167,22,;,others
3168,23,"50,5x36,5x31,5;",measures
3169,24,;Tot.,others
3170,25,13,quantity
3171,26,cartoni,package_type
3172,27,;,others
3173,28,"Kg 214,74",weight
3174,29,;Volume,others
3175,30,"1,194;",volume
3176,31,;Riuscite,others
3177,32,a,others
3178,33,mandarmi,others
3179,34,la,others
3180,35,quotazione,others
3181,36,e,others
3182,37,a,others
3183,38,ritirare,others
3184,39,domani?;,others
3185,40,;Grazie!;,others
3186,41,;Edea Srl,company
3187,0,Ciao,others
3188,1,"Sonia,;;",others
3189,2,Avrei,others
3190,3,bisogno,others
3191,4,di,others
3192,5,quotazione,others
3193,6,per,others
3194,7,la,others
3195,8,prossima,others
3196,9,spedizione,others
3197,10,in,others
3198,11,Norvegia,pickup_state
3199,12,:;NR.,others
3200,13,15,quantity
3201,14,CRTNS,package_type
3202,15,TOTALI:;;-,others
3203,16,NR.,others
3204,17,14,quantity
3205,18,-,others
3206,19,CM 50X43X31,measures
3207,20,;-,others
3208,21,NR.,others
3209,22,1,quantity
3210,23,-,others
3211,24,CM 35X32X29,measures
3212,25,;PESO,others
3213,26,TOTALE:,others
3214,27,321 Kg,weight
3215,28,;Si,others
3216,29,tratta,others
3217,30,di,others
3218,31,pistole e parti d'arma.;;;,others
3219,32,Grazie,others
3220,33,e,others
3221,34,buon,others
3222,35,"lavoro,;Roberta",others
3223,36,;--,others
3224,37,;Cordiali,others
3225,38,Saluti,others
3226,39,/,others
3227,40,Best,others
3228,41,regards;Export,others
3229,42,Department;Roberta,others
3230,43,Bianchi;,others
3231,44,FRATELLI TANFOGLIO S.R.L.,company
3232,0,Ciao,others
3233,1,"Sonia,",others
3234,2,;,others
3235,3,;per,others
3236,4,favore,others
3237,5,mi,others
3238,6,servirebbe,others
3239,7,preventivo,others
3240,8,per,others
3241,9,spedizione,others
3242,10,in,others
3243,11,Kuwait,delivery_port
3244,12,(,others
3245,13,Kuwait,others
3246,14,City),others
3247,15,per:;,others
3248,16,;n.,others
3249,17,4,quantity
3250,18,cartoni,package_type
3251,19,;kg. 125,weight
3252,20,;mc,others
3253,21,"0,4",others
3254,22,;,others
3255,23,;grazie;,others
3256,24,;Martina,others
3257,25,LEPRI;International,others
3258,26,Sales,others
3259,27,Dept.;,others
3260,28,;;,others
3261,29,;FABARM S.p.A.,company
3262,30,";Via Averolda,31",others
3263,31,I,others
3264,32,25039,others
3265,33,TRAVAGLIATO (BS),others
3266,34,I,others
3267,35,ITALY,others
3268,0,"Ciao,",others
3269,1,;mi,others
3270,2,serve,others
3271,3,quotazione,others
3272,4,per,others
3273,5,Armenia,delivery_state
3274,6,Aspar Arms LLC,incoterms
3275,7,;,others
3276,8,13,quantity
3277,9,COLLI,package_type
3278,10,"KG 213,55",weight
3279,11,120X40X40;,measures
3280,12,;Date,others
3281,13,mercoledÃ¬â€™,others
3282,14,7-May,others
3283,15,lunedi,others
3284,16,10/07;Attendo,others
3285,17,quotazione,others
3286,18,per,others
3287,19,fattura;Grazie,others
3288,20,;Nicola,others
3289,21,;,others
3290,22,;Armeria,others
3291,23,Brignoli,others
3292,24,Silvio,others
3293,25,&,others
3294,26,c,others
3295,27,snc;Via,others
3296,28,Alfieri 6;25063 Gardone V,others
3297,0,Ciao,others
3298,1,Mirko!;come,others
3299,2,stai?,others
3300,3,pronto,others
3301,4,per,others
3302,5,il,others
3303,6,we,others
3304,7,lungo?;Volevo,others
3305,8,chiederti,others
3306,9,offerta,others
3307,10,per,others
3308,11,trasporto,others
3309,12,via,others
3310,13,mare,others
3311,14,per,others
3312,15,Lima,delivery_port
3313,16,di:;,others
3314,17,2,quantity
3315,18,palette,package_type
3316,19,;Peso,others
3317,20,tot,others
3318,21,1400 kg,weight
3319,22,;Misure,others
3320,23,80x120x150 cm,measures
3321,24,;Mi,others
3322,25,dai,others
3323,26,anche,others
3324,27,il,others
3325,28,transit,others
3326,29,time,others
3327,30,approssimativo,others
3328,31,per,others
3329,32,favore?;Per,others
3330,33,ora,others
3331,34,devo,others
3332,35,solo,others
3333,36,mettere,others
3334,37,il,others
3335,38,costo,others
3336,39,in,others
3337,40,quotazione;,others
3338,41,se,others
3339,42,lâ€™ordine,others
3340,43,va,others
3341,44,a,others
3342,45,buon,others
3343,46,fine,others
3344,47,ovviamente,others
3345,48,il,others
3346,49,servizio,others
3347,50,Ã¨,others
3348,51,tuo;,others
3349,52,OMB Saleri S.p.a.,company
3350,0,"Buongiorno,;con",others
3351,1,la,others
3352,2,presente,others
3353,3,Vi,others
3354,4,chiedo,others
3355,5,quotazione,others
3356,6,via,others
3357,7,mare,others
3358,8,per,others
3359,9,la,others
3360,10,seguente,others
3361,11,spedizione:;NÂ°,others
3362,12,2,quantity
3363,13,CARTON PALLES,package_type
3364,14,MIS.98X86X83H,measures
3365,15,;NÂ°,others
3366,16,1;,quantity
3367,17,CARTON PALLE,others
3368,18,MIS,others
3369,19,.98X86X60H,measures
3370,20,;PESO,others
3371,21,LORDO,others
3372,22,TOT,others
3373,23,KG.1700,weight
3374,24,CIRCA;RESA:,others
3375,25,CIF,others
3376,26,;NOLO:,others
3377,27,MARE;Destinazione:,others
3378,28,"MANUFACTURERA SOLMATIC,SA",others
3379,29,DE,others
3380,30,CV,others
3381,31,;KM7,others
3382,32,CARR CUAUHTEMOC A.OBREGON 722;,others
3383,33,31607,others
3384,34,CUAUHTEMOC CHI,others
3385,35,HUAAHU,others
3386,36,MESSICO,others
3387,37,;Da,others
3388,38,ritirare,others
3389,39,presso,others
3390,40,il,others
3391,41,nostro,others
3392,42,magazzino:,others
3393,43,;MP GAS CONTROLS S.p.A.,company
3394,44,;LOCALITAâ€™,others
3395,45,N,others
3396,46,"EZIOLE, 2",others
3397,47,;,others
3398,48,25055,others
3399,49,PISOGNE (BS,others
3400,0,Buongiorno,others
3401,1,"Mirko,;il",others
3402,2,cliente,others
3403,3,mi,others
3404,4,chiede,others
3405,5,lâ€™aggiornamento,others
3406,6,della,others
3407,7,quotazione,others
3408,8,per,others
3409,9,la,others
3410,10,spedizione,others
3411,11,del,others
3412,12,container,package_type
3413,13,pieno,others
3414,14,oppure,others
3415,15,6,quantity
3416,16,pallets,package_type
3417,17,CIF,incoterms
3418,18,Auckland.,others
3419,19,;Ti,others
3420,20,rimando,others
3421,21,la,others
3422,22,documentazione.;Mi,others
3423,23,potresti,others
3424,24,far,others
3425,25,sapere?;Claudia,others
3426,26,Gorlani;,others
3427,27,KEMPER SRL,company
3428,28,";Via Ponterosso, snc;",others
3429,29,25020,others
3430,30,;DELLO (BS);,others
3431,0,"Buonasera,",others
3432,1,avrei,others
3433,2,bisogno,others
3434,3,di,others
3435,4,un,others
3436,5,preventivo,others
3437,6,CFR,incoterms
3438,7,via,others
3439,8,mare,others
3440,9,per:;,others
3441,10,1,quantity
3442,11,pallet,package_type
3443,12,250x80x60,measures
3444,13,;Peso,others
3445,14,lordo,others
3446,15,200,others
3447,16,;Peso,others
3448,17,netto,others
3449,18,180;,weight
3450,19,Non sovrapponibile,stackable
3451,20,;Ritiro,others
3452,21,presso,others
3453,22,ns,others
3454,23,sede,others
3455,24,di,others
3456,25,Rezzato (BS);Destinazione;Santa Marta- BogotÃ ,others
3457,0,siamo,others
3458,1,in,others
3459,2,approntamento,others
3460,3,con,others
3461,4,altra,others
3462,5,merce,others
3463,6,per,others
3464,7,il,others
3465,8,nostro,others
3466,9,cliente,others
3467,10,Casale,pickup_location
3468,11,#NAME?,delivery_port
3469,12,",;ti",others
3470,13,chiedo,others
3471,14,gentilmente,others
3472,15,quotazione,others
3473,16,e,others
3474,17,prossime,others
3475,18,partenze,others
3476,19,navi,others
3477,20,con,others
3478,21,ultimo,others
3479,22,giorno,others
3480,23,di,others
3481,24,carico,others
3482,25,per,others
3483,26,la,others
3484,27,seguente,others
3485,28,merce:;,others
3486,29,NÂ°3,quantity
3487,30,PALLETS,package_type
3488,31,MIS,others
3489,32,.98X86X83H,measures
3490,33,;,others
3491,34,PALLET,package_type
3492,35,DA,others
3493,36,SOVRAPPORRE,stackable
3494,37,;PESO,others
3495,38,LORDO,others
3496,39,TOT,others
3497,40,KG.550,weight
3498,41,CIRCA;RESA:,others
3499,42,CFR,incoterms
3500,43,;NOLO:,others
3501,44,MARE;DESTINAZIONE:,others
3502,45,CASALE SWIFT APPLIANCE GROUP,others
3503,46,;,others
3504,47,14-16 Brooklyn Court;,others
3505,48,3061,others
3506,49,Campbellfield Victoria,others
3507,50,;,others
3508,51,AUSTRA,others
3509,52,LIA;Da,others
3510,53,ritirare,others
3511,54,presso,others
3512,55,il,others
3513,56,nostro,others
3514,57,magazzino:;,others
3515,58,MP GAS CONTROLS SPA,company
3516,59,;,others
3517,60,"VIA NEZIOLE, 2 -",others
3518,61,25055,others
3519,62,PISOGNE (BS,others
3520,63,);Orari,others
3521,64,magazzino,others
3522,65,8:00/12:00,others
3523,66,â€“,others
3524,67,13:30,others
3525,68,17:30;La,others
3526,69,merce,others
3527,70,Ã¨,others
3528,71,pronta,others
3529,72,al,others
3530,73,ritiro,others
3531,74,questa,others
3532,75,settimana;,others
3533,76,MP GAS CONTROLS S.p.A.,others
3534,77,;,others
3535,78,Via Neziole 2 -,others
3536,79,25055,others
3537,80,Pisogne (BS),others
3538,81,-,others
3539,82,Italy,others
3540,0,Buon,others
3541,1,pomeriggio,others
3542,2,"Carlo,;ho",others
3543,3,cortesemente,others
3544,4,bisogno,others
3545,5,di,others
3546,6,ricevere,others
3547,7,le,others
3548,8,quotazioni,others
3549,9,aggiornate,others
3550,10,per,others
3551,11,container,package_type
3552,12,via,others
3553,13,mare,others
3554,14,20,others
3555,15,â€™box,others
3556,16,e,others
3557,17,40â€™,others
3558,18,box,others
3559,19,per,others
3560,20,la,others
3561,21,CF-USA.,others
3562,22,;Se,others
3563,23,non,others
3564,24,vi,others
3565,25,Ã¨,others
3566,26,possibile,others
3567,27,quotare,others
3568,28,fino,others
3569,29,a,others
3570,30,Dayton,others
3571,31,",",others
3572,32,fatemi,others
3573,33,avere,others
3574,34,la,others
3575,35,quotazione,others
3576,36,fino,others
3577,37,al,others
3578,38,porto.;Erika,others
3579,39,Castioni,others
3580,40,|,others
3581,41,Customer,others
3582,42,Service,others
3583,43,&,others
3584,44,Sales,others
3585,45,Representative;,others
3586,46,"Chiappa Firearms SRL ;Via Milano, 2 - Azzano Mella (BS) Italy;Erika Castioni | Customer Service & Sales Representative;Chiappa Firearms SRL",company
3587,0,Buongiorno;avremmo,others
3588,1,bisogno,others
3589,2,di,others
3590,3,spedire,others
3591,4,un,others
3592,5,container,others
3593,6,20,others
3594,7,piedi,others
3595,8,a,others
3596,9,questo,others
3597,10,indirizzo;12,others
3598,11,Airpark,others
3599,12,Road;03784,others
3600,13,â€“,others
3601,14,West Lebanon,delivery_state
3602,15,(NH,pickup_location
3603,16,);,others
3604,17,USA,delivery_state
3605,18,;Il,others
3606,19,"materiale,",others
3607,20,10,others
3608,21,bancali,others
3609,22,di,others
3610,23,"calendari,",others
3611,24,potrebbe,others
3612,25,essere,others
3613,26,pronto,others
3614,27,giÃ ,others
3615,28,venerdÃ¬,others
3616,29,19,others
3617,30,(da,others
3618,31,confermare),others
3619,32,a,others
3620,33,Bassano d. G.,others